"feature"	"metadata"	"value"	"name"	"coef"	"null_hypothesis"	"stderr"	"pval_individual"	"qval_individual"	"pval_joint"	"qval_joint"	"error"	"model"	"N"	"N_not_zero"
"Leifsonia"	"Soil"	"Rhizosphere Soil"	"SoilRhizosphere Soil"	4.63094780746112	0.361621063769622	0.2765539633606	5.05268261737476e-20	5.39626503535624e-17	5.05268261737476e-20	3.54698319739708e-17	NA	"abundance"	64	62
"Noviherbaspirillum"	"Soil"	"Rhizosphere Soil"	"SoilRhizosphere Soil"	4.48106735959185	0.361621063769622	0.312238798598637	1.069462348211e-17	5.71092893944676e-15	1.069462348211e-17	3.75381284222062e-15	NA	"abundance"	64	64
"Streptosporangium"	"Soil"	"Rhizosphere Soil"	"SoilRhizosphere Soil"	-4.73635068634093	0.361621063769622	0.434556643319059	3.46948368296342e-16	1.23513619113498e-13	6.93896736592686e-16	1.21778877272016e-13	NA	"abundance"	64	63
"Pseudonocardia"	"Soil"	"Rhizosphere Soil"	"SoilRhizosphere Soil"	-2.26792926094218	0.361621063769622	0.193738785745817	6.32478859558212e-16	1.68871855502043e-13	6.32478859558212e-16	1.21778877272016e-13	NA	"abundance"	64	64
"Devosia"	"Soil"	"Rhizosphere Soil"	"SoilRhizosphere Soil"	2.73137136315598	0.361621063769622	0.169190722279704	1.45437205876213e-15	3.1065387175159e-13	1.45437205876213e-15	2.04193837050203e-13	NA	"abundance"	64	64
"Peredibacter"	"Soil"	"Rhizosphere Soil"	"SoilRhizosphere Soil"	5.71400150989477	0.361621063769622	0.545895718540998	1.35536760671725e-12	2.4125543399567e-10	2.71073521343265e-12	3.1715601997162e-10	NA	"abundance"	64	51
"Actinoplanes"	"Soil"	"Rhizosphere Soil"	"SoilRhizosphere Soil"	3.76688244185499	0.361621063769622	0.374901970527261	7.84234108232889e-12	1.19651718227532e-09	7.84234108232889e-12	7.86474777113554e-10	NA	"abundance"	64	64
"Phenylobacterium"	"Soil"	"Rhizosphere Soil"	"SoilRhizosphere Soil"	2.13378547971809	0.361621063769622	0.158549958846384	1.48465092292727e-11	1.98200898210791e-09	1.48465092292727e-11	1.30278118486868e-09	NA	"abundance"	64	64
"Hyphomicrobium"	"Soil"	"Rhizosphere Soil"	"SoilRhizosphere Soil"	-1.74140634242327	0.361621063769622	0.211933753982552	2.17082044666455e-11	2.57604026337526e-09	2.17082044666455e-11	1.69323994839835e-09	NA	"abundance"	64	64
"Pedobacter"	"Soil"	"Rhizosphere Soil"	"SoilRhizosphere Soil"	5.41612062874172	0.361621063769622	0.605214873311946	3.16378095739438e-11	3.3789180624972e-09	3.16378095739438e-11	2.22097423209085e-09	NA	"abundance"	64	64
"Sphingobium"	"Soil"	"Rhizosphere Soil"	"SoilRhizosphere Soil"	3.00988007985082	0.361621063769622	0.298065766153873	4.75774021741257e-11	4.61933322926966e-09	9.51548043459876e-11	5.56655605424027e-09	NA	"abundance"	64	62
"Pseudomonas"	"Soil"	"Rhizosphere Soil"	"SoilRhizosphere Soil"	3.52107667264576	0.361621063769622	0.377459235073024	9.08369565396489e-11	8.08448913202875e-09	9.08369565396489e-11	5.56655605424027e-09	NA	"abundance"	64	64
"Desulfosporosinus"	"Soil"	"Rhizosphere Soil"	"SoilRhizosphere Soil"	-5.61147505589634	0.361621063769622	0.671890035774393	1.14077428731136e-10	9.37189952960413e-09	2.28154857449258e-10	1.02681212515955e-08	NA	"abundance"	64	42
"Hydrotalea"	"Soil"	"Rhizosphere Soil"	"SoilRhizosphere Soil"	3.69533910317828	0.361621063769622	0.410027677168237	1.78157781718715e-10	1.35908936339706e-08	1.78157781718715e-10	9.62052021281063e-09	NA	"abundance"	64	63
"Altererythrobacter"	"Soil"	"Rhizosphere Soil"	"SoilRhizosphere Soil"	2.93303282209482	0.361621063769622	0.306338330333046	2.34031253597617e-10	1.5621586177641e-08	2.34031253597617e-10	1.02681212515955e-08	NA	"abundance"	64	63
"Asticcacaulis"	"Soil"	"Rhizosphere Soil"	"SoilRhizosphere Soil"	2.7095367230171	0.361621063769622	0.274892900275322	2.31085647531517e-10	1.5621586177641e-08	2.31085647531517e-10	1.02681212515955e-08	NA	"abundance"	64	64
"Kribbella"	"Soil"	"Rhizosphere Soil"	"SoilRhizosphere Soil"	-3.01210265002215	0.361621063769622	0.409104808574833	4.33307330316853e-10	2.72218958104941e-08	4.33307330316853e-10	1.78930438754371e-08	NA	"abundance"	64	64
"Defluviicoccus"	"Soil"	"Rhizosphere Soil"	"SoilRhizosphere Soil"	2.64447867681294	0.361621063769622	0.272550138642101	5.7730726404603e-10	3.42535643333978e-08	1.15461452775877e-09	4.50299665825922e-08	NA	"abundance"	64	62
"Rubrobacter"	"Soil"	"Rhizosphere Soil"	"SoilRhizosphere Soil"	-4.50149513145176	0.361621063769622	0.676056440422231	2.23115830123491e-09	1.25414582406257e-07	4.46231659749174e-09	1.64870855338905e-07	NA	"abundance"	64	63
"Albidiferax"	"Soil"	"Rhizosphere Soil"	"SoilRhizosphere Soil"	-2.27979408710789	0.361621063769622	0.354619575592253	6.94630030783158e-09	3.70932436438206e-07	6.94630030783158e-09	2.43815140804888e-07	NA	"abundance"	64	55
"Belnapia"	"Soil"	"Rhizosphere Soil"	"SoilRhizosphere Soil"	5.1665204359247	0.361621063769622	0.674397853295568	9.29937415700401e-09	4.72939599984775e-07	1.85987482275296e-08	5.93469147987537e-07	NA	"abundance"	64	50
"Chryseobacterium"	"Soil"	"Rhizosphere Soil"	"SoilRhizosphere Soil"	4.1724287031532	0.361621063769622	0.553368031829323	9.98653442431014e-09	4.84800852961965e-07	9.98653442431014e-09	3.33835579326939e-07	NA	"abundance"	64	62
"Rhizobium"	"Soil"	"Rhizosphere Soil"	"SoilRhizosphere Soil"	3.96494130972	0.361621063769622	0.353131454873211	2.44341687399505e-08	1.13459531366379e-06	2.44341687399505e-08	7.45773324149793e-07	NA	"abundance"	64	64
"Psychrobacillus"	"Soil"	"Rhizosphere Soil"	"SoilRhizosphere Soil"	-3.64776974906778	0.361621063769622	0.611896894583052	2.74564492341348e-08	1.221811990919e-06	2.74564492341348e-08	8.03101140098442e-07	NA	"abundance"	64	64
"Flavitalea"	"Soil"	"Rhizosphere Soil"	"SoilRhizosphere Soil"	4.41260967319118	0.361621063769622	0.603201419600555	3.17695334718101e-08	1.30499468261128e-06	3.17695334718101e-08	8.57777403738874e-07	NA	"abundance"	64	63
"Gaiella"	"Soil"	"Rhizosphere Soil"	"SoilRhizosphere Soil"	-3.19425929445305	0.361621063769622	0.517569477203884	3.1711874590785e-08	1.30499468261128e-06	3.1711874590785e-08	8.57777403738874e-07	NA	"abundance"	64	64
"Microlunatus"	"Soil"	"Rhizosphere Soil"	"SoilRhizosphere Soil"	-3.35953805751773	0.361621063769622	0.569176479036004	4.41357883479797e-08	1.74581562798675e-06	4.41357883479797e-08	1.14753049704747e-06	NA	"abundance"	64	64
"Solibacillus"	"Soil"	"Rhizosphere Soil"	"SoilRhizosphere Soil"	-5.15336845028714	0.361621063769622	0.84406814476741	5.95434460195658e-08	2.27115715531772e-06	1.1908688849371e-07	2.53330290068437e-06	NA	"abundance"	64	62
"Nitrospira"	"Soil"	"Rhizosphere Soil"	"SoilRhizosphere Soil"	-2.92079813488867	0.361621063769622	0.513023956474055	6.82678506962961e-08	2.51414015667739e-06	1.36535696732093e-07	2.81906056193909e-06	NA	"abundance"	64	62
"Spirilliplanes"	"Soil"	"Rhizosphere Soil"	"SoilRhizosphere Soil"	-1.36535022556372	0.361621063769622	0.242377121437297	7.56584211203613e-08	2.69343979188486e-06	7.56584211203613e-08	1.8968647009462e-06	NA	"abundance"	64	64
"Bdellovibrio"	"Soil"	"Rhizosphere Soil"	"SoilRhizosphere Soil"	1.8847385132855	0.361621063769622	0.20377887899647	8.28490571857973e-08	2.76508728357598e-06	8.28490571857973e-08	1.93866793814766e-06	NA	"abundance"	64	64
"Candidatus_Nostocoida"	"Reads"	"Reads"	"Reads"	0.97924954845686	-0.0299366818476919	0.162019878465178	8.14513349214692e-08	2.76508728357598e-06	8.14513349214692e-08	1.93866793814766e-06	NA	"abundance"	64	64
"Blastocatella"	"Soil"	"Rhizosphere Soil"	"SoilRhizosphere Soil"	-2.2797524376079	0.361621063769622	0.410565910962801	8.85862872720135e-08	2.86697438807607e-06	8.85862872720135e-08	2.0060507633856e-06	NA	"abundance"	64	64
"Mycobacterium"	"Reads"	"Reads"	"Reads"	-1.02416596261527	-0.0299366818476919	0.156441266896445	9.81431262511254e-08	3.08284878930005e-06	9.81431262511254e-08	2.15301483213406e-06	NA	"abundance"	64	64
"Oceanobacillus"	"Soil"	"Rhizosphere Soil"	"SoilRhizosphere Soil"	-3.5557233182008	0.361621063769622	0.648788677821431	2.01208870425832e-07	6.13974496042254e-06	4.02417700366655e-07	7.43413751729979e-06	NA	"abundance"	64	61
"Lysinibacillus"	"Soil"	"Rhizosphere Soil"	"SoilRhizosphere Soil"	-5.41713394136159	0.361621063769622	0.908795534603077	2.70484982180663e-07	8.02438780469302e-06	2.70484982180663e-07	5.42515592830931e-06	NA	"abundance"	64	64
"SM1A02"	"Soil"	"Rhizosphere Soil"	"SoilRhizosphere Soil"	-2.94469659431685	0.361621063769622	0.545660465587192	2.8246456797569e-07	8.15330158373073e-06	5.64929056165148e-07	9.91450493569835e-06	NA	"abundance"	64	58
"Domibacillus"	"Soil"	"Rhizosphere Soil"	"SoilRhizosphere Soil"	-3.28698756378394	0.361621063769622	0.603277366609355	3.18839118098626e-07	8.80235106659913e-06	3.18839118098626e-07	6.0985617851339e-06	NA	"abundance"	64	54
"Solirubrobacter"	"Soil"	"Rhizosphere Soil"	"SoilRhizosphere Soil"	-2.2556644097793	0.361621063769622	0.430494596869032	3.21434168162328e-07	8.80235106659913e-06	3.21434168162328e-07	6.0985617851339e-06	NA	"abundance"	64	64
"Curtobacterium"	"Soil"	"Rhizosphere Soil"	"SoilRhizosphere Soil"	5.34337776263635	0.361621063769622	0.63730154153825	4.71060092753277e-07	1.25773044765125e-05	9.42119963608943e-07	1.61309320598409e-05	NA	"abundance"	64	59
"Massilia"	"Soil"	"Rhizosphere Soil"	"SoilRhizosphere Soil"	2.05106552983754	0.361621063769622	0.264283468378759	5.55012313376184e-07	1.4457393919165e-05	5.55012313376184e-07	9.91450493569835e-06	NA	"abundance"	64	64
"Xanthomonas"	"Soil"	"Rhizosphere Soil"	"SoilRhizosphere Soil"	5.12765222934469	0.361621063769622	0.737712811546136	1.40526412269018e-06	3.5733859119836e-05	2.8105262706131e-06	4.20376560408364e-05	NA	"abundance"	64	59
"Singulisphaera"	"Reads"	"Reads"	"Reads"	0.574629197041705	-0.0299366818476919	0.107266130951961	1.46378111475112e-06	3.6356237919865e-05	1.46378111475112e-06	2.44660557751259e-05	NA	"abundance"	64	64
"Cryobacterium"	"Soil"	"Rhizosphere Soil"	"SoilRhizosphere Soil"	2.32726148889337	0.361621063769622	0.339814177604661	1.85725524089912e-06	4.42780938846872e-05	3.71450703240121e-06	5.22713387297596e-05	NA	"abundance"	64	59
"Erythrobacter"	"Soil"	"Rhizosphere Soil"	"SoilRhizosphere Soil"	2.77326125249326	0.361621063769622	0.433789347908408	1.8656500232312e-06	4.42780938846872e-05	1.8656500232312e-06	3.04509320951768e-05	NA	"abundance"	64	63
"Mesorhizobium"	"Soil"	"Rhizosphere Soil"	"SoilRhizosphere Soil"	1.97826262663474	0.361621063769622	0.222399855049036	1.90860543046692e-06	4.43128391247537e-05	1.90860543046692e-06	3.04509320951768e-05	NA	"abundance"	64	64
"Planosporangium"	"Soil"	"Rhizosphere Soil"	"SoilRhizosphere Soil"	-1.95040704201695	0.361621063769622	0.41322179994356	1.96500155275614e-06	4.46515246456076e-05	1.96500155275614e-06	3.06540242229958e-05	NA	"abundance"	64	62
"Patulibacter"	"Soil"	"Rhizosphere Soil"	"SoilRhizosphere Soil"	-1.33929811235928	0.361621063769622	0.29478073975574	2.814486942905e-06	6.26223344796362e-05	2.814486942905e-06	4.20376560408364e-05	NA	"abundance"	64	64
"Cupriavidus"	"Soil"	"Rhizosphere Soil"	"SoilRhizosphere Soil"	4.17504541036031	0.361621063769622	0.714043680864174	3.06836125973048e-06	6.68777515386153e-05	6.13671310462014e-06	7.83267745353335e-05	NA	"abundance"	64	55
"Dongia"	"Soil"	"Rhizosphere Soil"	"SoilRhizosphere Soil"	2.55364619668085	0.361621063769622	0.328511631531381	3.2529959429873e-06	6.94839933422086e-05	3.2529959429873e-06	4.75750656661892e-05	NA	"abundance"	64	64
"Catellatospora"	"Soil"	"Rhizosphere Soil"	"SoilRhizosphere Soil"	-2.8873582735865	0.361621063769622	0.598475364292657	3.72302982405695e-06	7.79646245508397e-05	3.72302982405695e-06	5.22713387297596e-05	NA	"abundance"	64	47
"Quadrisphaera"	"Soil"	"Rhizosphere Soil"	"SoilRhizosphere Soil"	4.39446869264093	0	0.954735594439605	4.1682395342145e-06	8.56092273565594e-05	4.1682395342145e-06	5.73745912356584e-05	NA	"prevalence"	64	44
"Flavobacterium"	"Soil"	"Rhizosphere Soil"	"SoilRhizosphere Soil"	4.62975368654663	0.361621063769622	0.796903159416691	4.5909455503088e-06	9.25118839194302e-05	4.5909455503088e-06	6.19777649291688e-05	NA	"abundance"	64	63
"Skermanella"	"Soil"	"Rhizosphere Soil"	"SoilRhizosphere Soil"	2.86500448264924	0.361621063769622	0.421516622322111	4.74678366822434e-06	9.38808325493258e-05	4.74678366822434e-06	6.28724931149714e-05	NA	"abundance"	64	63
"Candidatus_Nostocoida"	"Soil"	"Rhizosphere Soil"	"SoilRhizosphere Soil"	2.12582689769351	0.361621063769622	0.324039756930356	5.62893230401874e-06	0.000109303630921673	5.62893230401874e-06	7.31761199522436e-05	NA	"abundance"	64	64
"Zavarzinella"	"Soil"	"Rhizosphere Soil"	"SoilRhizosphere Soil"	2.87514971831667	0.361621063769622	0.48607643747253	6.35499070933003e-06	0.00012119875138508	6.35499070933003e-06	7.96643478205301e-05	NA	"abundance"	64	62
"Candidatus_Captivus"	"Soil"	"Rhizosphere Soil"	"SoilRhizosphere Soil"	2.16261848458339	0.361621063769622	0.331986664640441	6.64600845881838e-06	0.000124525211123123	6.64600845881838e-06	8.18508410191317e-05	NA	"abundance"	64	60
"Thalassospira"	"Soil"	"Rhizosphere Soil"	"SoilRhizosphere Soil"	4.39532708477941	0	0.980886197150225	7.43026176862929e-06	0.000136819302912001	7.43026176862929e-06	8.99317889927201e-05	NA	"prevalence"	64	46
"Ferrovibrio"	"Soil"	"Rhizosphere Soil"	"SoilRhizosphere Soil"	6.63075221202883	0	1.4873165300334	8.26513756010507e-06	0.000149612998545631	1.65302068077113e-05	0.000187164599661505	NA	"prevalence"	64	37
"Limnobacter"	"Reads"	"Reads"	"Reads"	0.835035073519389	-0.0299366818476919	0.174506723680969	8.67811099336093e-06	0.000153510600367299	8.67811099336093e-06	0.000103254812158294	NA	"abundance"	64	63
"Pedosphaera"	"Soil"	"Rhizosphere Soil"	"SoilRhizosphere Soil"	-3.23210384389848	0.361621063769622	0.699896014880435	8.76792754906857e-06	0.000153510600367299	1.75357782215836e-05	0.000195398671611932	NA	"abundance"	64	59
"Bordetella"	"Soil"	"Rhizosphere Soil"	"SoilRhizosphere Soil"	3.3300534208379	0	0.750828306212033	9.19983851166302e-06	0.000158474637588002	1.83995923862974e-05	0.000201820528987199	NA	"prevalence"	64	39
"Streptosporangium"	"Reads"	"Reads"	"Reads"	-1.08763340220091	-0.0299366818476919	0.216002544729615	9.89827406084414e-06	0.000167799312650501	1.97964501458589e-05	0.000213801661575276	NA	"abundance"	64	63
"Actinocorallia"	"Soil"	"Rhizosphere Soil"	"SoilRhizosphere Soil"	-3.87597123795413	0.361621063769622	0.661244244509769	1.06459110832112e-05	0.000177653641201087	2.12917088309996e-05	0.000226466357566087	NA	"abundance"	64	53
"Sutterella"	"Soil"	"Rhizosphere Soil"	"SoilRhizosphere Soil"	-2.0235159398297	0.361621063769622	0.470777422982747	1.10629327505734e-05	0.000181772495040191	2.21257431126658e-05	0.000231824950225245	NA	"abundance"	64	56
"Caulobacter"	"Soil"	"Rhizosphere Soil"	"SoilRhizosphere Soil"	2.71398902006199	0.361621063769622	0.44733333951032	1.4012702437539e-05	0.000226751003080177	1.4012702437539e-05	0.000163948618519207	NA	"abundance"	64	63
"Brevundimonas"	"Soil"	"Rhizosphere Soil"	"SoilRhizosphere Soil"	2.6234231282309	0.361621063769622	0.456090760055442	1.45842791093547e-05	0.000232477762519266	1.45842791093547e-05	0.000167838753028967	NA	"abundance"	64	61
"Defluviicoccus"	"Reads"	"Reads"	"Reads"	0.648399843609653	-0.0299366818476919	0.139443307988044	1.57198170663117e-05	0.000243315429374217	3.14393870199749e-05	0.000310851404056653	NA	"abundance"	64	62
"Sphingopyxis"	"Soil"	"Rhizosphere Soil"	"SoilRhizosphere Soil"	2.97093477695899	0.361621063769622	0.532178297017976	1.56947321575824e-05	0.000243315429374217	3.13892179905472e-05	0.000310851404056653	NA	"abundance"	64	59
"Deinococcus"	"Soil"	"Rhizosphere Soil"	"SoilRhizosphere Soil"	-2.11609247892896	0.361621063769622	0.509841943113927	1.71843207410417e-05	0.000262183636449036	3.43683461812041e-05	0.000330501082454867	NA	"abundance"	64	62
"Ktedonobacter"	"Soil"	"Rhizosphere Soil"	"SoilRhizosphere Soil"	-2.61254965956059	0.361621063769622	0.579114193667218	2.33961492457606e-05	0.00035193080837285	2.33961492457606e-05	0.000241530834860647	NA	"abundance"	64	64
"Zymomonas"	"Soil"	"Rhizosphere Soil"	"SoilRhizosphere Soil"	-2.30014200409986	0.361621063769622	0.541429010285724	2.67609919167796e-05	0.00039695471343223	2.67609919167796e-05	0.00027226400471854	NA	"abundance"	64	56
"Afipia"	"Soil"	"Rhizosphere Soil"	"SoilRhizosphere Soil"	1.68632968790356	0.361621063769622	0.257237255508859	3.20128293066245e-05	0.000468352078075	3.20128293066245e-05	0.000312125085739589	NA	"abundance"	64	63
"Dyadobacter"	"Soil"	"Rhizosphere Soil"	"SoilRhizosphere Soil"	5.53757151902652	0.361621063769622	0.976853892931756	3.34423244260105e-05	0.000482654087661881	6.68835304629579e-05	0.000603828687720099	NA	"abundance"	64	60
"Agaricicola"	"Reads"	"Reads"	"Reads"	1.01180788015249	-0.0299366818476919	0.230484166462246	4.026124965827e-05	0.000573196906548037	8.0520878348316e-05	0.000706570707506473	NA	"abundance"	64	60
"Rhodopila"	"Soil"	"Rhizosphere Soil"	"SoilRhizosphere Soil"	4.88026083303236	0	1.18944799709994	4.07892929753285e-05	0.000573196906548037	8.15769221842355e-05	0.000706999992263375	NA	"prevalence"	64	48
"Phenylobacterium"	"Reads"	"Reads"	"Reads"	0.353806595564529	-0.0299366818476919	0.079274979423192	4.22555634631142e-05	0.000586090152968908	4.22555634631142e-05	0.000400856831771705	NA	"abundance"	64	64
"Methylobacterium"	"Reads"	"Reads"	"Reads"	0.653787690782682	-0.0299366818476919	0.152201550282684	4.92780659940261e-05	0.000674730442072049	4.92780659940261e-05	0.000461242697704084	NA	"abundance"	64	64
"Inquilinus"	"Reads"	"Reads"	"Reads"	0.606961128115471	-0.0299366818476919	0.142434035091704	5.95067648348378e-05	0.000804471200551984	5.95067648348378e-05	0.000549654590974423	NA	"abundance"	64	63
"Aciditerrimonas"	"Soil"	"Rhizosphere Soil"	"SoilRhizosphere Soil"	-2.20646210233686	0.361621063769622	0.539273085916204	6.70920764133443e-05	0.000895679220118146	6.70920764133443e-05	0.000603828687720099	NA	"abundance"	64	56
"Anoxybacillus"	"Soil"	"Rhizosphere Soil"	"SoilRhizosphere Soil"	-4.37844443255875	0.361621063769622	1.05399948387953	7.72997645069394e-05	0.0010192117097952	7.72997645069394e-05	0.000686891578276854	NA	"abundance"	64	48
"Sporosarcina"	"Soil"	"Rhizosphere Soil"	"SoilRhizosphere Soil"	-2.87480120913308	0.361621063769622	0.734031572066916	8.0221289693091e-05	0.00104483338283197	0.000160436143930862	0.00125140192266072	NA	"abundance"	64	57
"Variovorax"	"Soil"	"Rhizosphere Soil"	"SoilRhizosphere Soil"	2.33750936697977	0.361621063769622	0.368045792672324	8.42225087008923e-05	0.00108373059388618	8.42225087008923e-05	0.00072102684278081	NA	"abundance"	64	64
"Elstera"	"Soil"	"Rhizosphere Soil"	"SoilRhizosphere Soil"	1.84325684158081	0.361621063769622	0.321566986695015	8.63204512225286e-05	0.00109750287982929	8.63204512225286e-05	0.000730083816364038	NA	"abundance"	64	63
"Crossiella"	"Soil"	"Rhizosphere Soil"	"SoilRhizosphere Soil"	-1.04226674606107	0.361621063769622	0.303743124006212	9.84759859805021e-05	0.00123732180031972	9.84759859805021e-05	0.000822977882837054	NA	"abundance"	64	64
"Rudaea"	"Soil"	"Rhizosphere Soil"	"SoilRhizosphere Soil"	-2.27700752329286	0.361621063769622	0.600002462501478	0.000101774124640177	0.00126389261762452	0.000101774124640177	0.000840534535263579	NA	"abundance"	64	47
"Acidobacteria_bacterium_Ellin7246"	"Soil"	"Rhizosphere Soil"	"SoilRhizosphere Soil"	-2.15413956360033	0.361621063769622	0.556466940693104	0.000107099200706183	0.00131473501556555	0.000107099200706183	0.000874228359252795	NA	"abundance"	64	38
"Geobacter"	"Soil"	"Rhizosphere Soil"	"SoilRhizosphere Soil"	-2.67158747853051	0.361621063769622	0.67887101226364	0.000116787430204286	0.00141737472111565	0.000116787430204286	0.000942353747165618	NA	"abundance"	64	36
"Illumatobacter"	"Soil"	"Rhizosphere Soil"	"SoilRhizosphere Soil"	-1.45850774477676	0.361621063769622	0.3949801659885	0.000123895190007235	0.00148674228008682	0.000247775029996363	0.0018309270637626	NA	"abundance"	64	37
"Isosphaera"	"Reads"	"Reads"	"Reads"	0.583535573860077	-0.0299366818476919	0.145529351639864	0.000128618469188946	0.00152627250104216	0.000128618469188946	0.00102602460648454	NA	"abundance"	64	64
"Georgenia"	"Soil"	"Rhizosphere Soil"	"SoilRhizosphere Soil"	-3.10406260688469	0.361621063769622	0.795660717985275	0.00015119561371484	0.00177447159832362	0.00015119561371484	0.00119257663851481	NA	"abundance"	64	36
"Candidatus_Entotheonella"	"Soil"	"Rhizosphere Soil"	"SoilRhizosphere Soil"	-3.2507479273357	0.361621063769622	0.862125900898159	0.000156017749291849	0.00181116256786624	0.000312011157045603	0.00223501869638789	NA	"abundance"	64	48
"Rhodopseudomonas"	"Soil"	"Rhizosphere Soil"	"SoilRhizosphere Soil"	2.92544203625235	0.361621063769622	0.461474704312462	0.000168021139012529	0.00192953308027291	0.000168021139012529	0.00129616307238236	NA	"abundance"	64	63
"bacterium_enrichment_culture_clone_heteroC45_4W"	"Soil"	"Rhizosphere Soil"	"SoilRhizosphere Soil"	-2.38073792096624	0	0.641685702204395	0.000207152150099366	0.00235360102453322	0.00041426138818544	0.00282341256802115	NA	"prevalence"	64	29
"Malawimonas_jakobiformis"	"Soil"	"Rhizosphere Soil"	"SoilRhizosphere Soil"	3.99836876791908	0	1.08441936461595	0.000226819203049428	0.00254992535638725	0.000226819203049428	0.00173072913631194	NA	"prevalence"	64	27
"Gemmatimonas"	"Reads"	"Reads"	"Reads"	-0.715162923209188	-0.0299366818476919	0.171092614467662	0.000233269200080449	0.00259511985089499	0.000233269200080449	0.0017608062199621	NA	"abundance"	64	64
"Candidatus_Microthrix"	"Reads"	"Reads"	"Reads"	0.405148525647644	-0.0299366818476919	0.105424338861141	0.000240352204319447	0.0026463521052904	0.000240352204319447	0.00179497071736438	NA	"abundance"	64	64
"Aquicella"	"Reads"	"Reads"	"Reads"	-0.635728942418947	-0.0299366818476919	0.14787168926217	0.000254547782231014	0.00277405134104819	0.000254547782231014	0.00186138065756429	NA	"abundance"	64	64
"Lysobacter"	"Soil"	"Rhizosphere Soil"	"SoilRhizosphere Soil"	3.56737270101974	0.361621063769622	0.792296108081133	0.000261456188104018	0.00282055766560698	0.000261456188104018	0.00189218808297959	NA	"abundance"	64	63
"Janthinobacterium"	"Soil"	"Rhizosphere Soil"	"SoilRhizosphere Soil"	-2.66188715148368	0.361621063769622	0.697712238141294	0.000280149316204496	0.00299199469706401	0.000560220148769621	0.00360802334345205	NA	"abundance"	64	62
"Thermoactinomyces"	"Soil"	"Rhizosphere Soil"	"SoilRhizosphere Soil"	-2.15597351481215	0.361621063769622	0.61597710704732	0.000318857408892572	0.00337168032373531	0.000318857408892572	0.00226098889942005	NA	"abundance"	64	39
"Roseomonas"	"Reads"	"Reads"	"Reads"	0.998058130761758	-0.0299366818476919	0.268441846629687	0.000345747258656735	0.0036201771788764	0.000345747258656735	0.00242714575577028	NA	"abundance"	64	63
"Rhizomicrobium"	"Soil"	"Rhizosphere Soil"	"SoilRhizosphere Soil"	1.768916734446	0.361621063769622	0.338686270271911	0.000369735475252929	0.00383376201524396	0.000369735475252929	0.00256984459037184	NA	"abundance"	64	64
"Alicyclobacillus"	"Soil"	"Rhizosphere Soil"	"SoilRhizosphere Soil"	-2.69027798270841	0.361621063769622	0.625207693953293	0.000379180144133217	0.00389388840321419	0.000379180144133217	0.00260965158021096	NA	"abundance"	64	16
"Penicillium_digitatum_PHI26"	"Reads"	"Reads"	"Reads"	-3.20310362840282	-0.0299366818476919	0.70403728000335	0.000421295605594665	0.00428517815976288	0.000421295605594665	0.00284374533776399	NA	"abundance"	64	18
"Serratia"	"Soil"	"Rhizosphere Soil"	"SoilRhizosphere Soil"	2.36644718981399	0	0.674401457417246	0.000449863931436752	0.00453259130919293	0.000899525485316696	0.00517595812042886	NA	"prevalence"	64	32
"Skermanella"	"Reads"	"Reads"	"Reads"	0.506077042362895	-0.0299366818476919	0.140220501525304	0.000472331002982253	0.00467082880726895	0.000472331002982253	0.00315787013422421	NA	"abundance"	64	63
"Advenella"	"Soil"	"Rhizosphere Soil"	"SoilRhizosphere Soil"	2.54027445722801	0	0.726439513548994	0.000470727090901894	0.00467082880726895	0.000941232597809678	0.00524401018779678	NA	"prevalence"	64	42
"Luteibacter"	"Soil"	"Rhizosphere Soil"	"SoilRhizosphere Soil"	3.50824594827778	0.361621063769622	0.507797007558039	0.00047962115950353	0.00469940732430981	0.00047962115950353	0.00317635899973092	NA	"abundance"	64	64
"CL500-29_marine_group"	"Soil"	"Rhizosphere Soil"	"SoilRhizosphere Soil"	-1.09523405808034	0.361621063769622	0.33268039432605	0.000487039827456186	0.00472871396112006	0.000487039827456186	0.00319534541003965	NA	"abundance"	64	64
"Bryobacter"	"Reads"	"Reads"	"Reads"	0.396913011226879	-0.0299366818476919	0.110743558486785	0.000502572161013654	0.00483555917083407	0.000502572161013654	0.00326671904658875	NA	"abundance"	64	64
"Iamia"	"Soil"	"Rhizosphere Soil"	"SoilRhizosphere Soil"	1.80870845882025	0.361621063769622	0.182828259538527	0.00057216557702851	0.00545600746666472	0.00057216557702851	0.00365145668249104	NA	"abundance"	64	64
"Sphingomonas"	"Soil"	"Rhizosphere Soil"	"SoilRhizosphere Soil"	1.19139085549439	0.361621063769622	0.177620726816383	0.000579010088097555	0.00547241392998397	0.000579010088097555	0.00366184758418454	NA	"abundance"	64	64
"Zymomonas"	"Reads"	"Reads"	"Reads"	0.645616605512931	-0.0299366818476919	0.181035241162289	0.000585086618598974	0.00548133779529565	0.00116983091084668	0.00634142028009775	NA	"abundance"	64	56
"Candidatus_Nitrotoga"	"Soil"	"Rhizosphere Soil"	"SoilRhizosphere Soil"	-1.92518574204718	0.361621063769622	0.59064891939158	0.000595105906581332	0.00552672268025098	0.00118985766212262	0.00637618380771051	NA	"abundance"	64	40
"Methylobacterium"	"Soil"	"Rhizosphere Soil"	"SoilRhizosphere Soil"	2.09865576083721	0.361621063769622	0.438816443504417	0.000604051875649243	0.00556144313097751	0.000604051875649243	0.00378611086344436	NA	"abundance"	64	64
"Modestobacter"	"Reads"	"Reads"	"Reads"	0.475594697120409	-0.0299366818476919	0.135813599737609	0.000651786420300994	0.005949640144286	0.000651786420300994	0.00404915103585219	NA	"abundance"	64	63
"Thermoactinomyces"	"Reads"	"Reads"	"Reads"	-1.23866145346271	-0.0299366818476919	0.322322472910194	0.000662122743128462	0.00599277194628133	0.000662122743128462	0.00407728215505421	NA	"abundance"	64	39
"Friedmanniella"	"Reads"	"Reads"	"Reads"	0.719932146537622	-0.0299366818476919	0.207036857026205	0.000694186054996094	0.00617825588946524	0.000694186054996094	0.00423755313571529	NA	"abundance"	64	64
"Candidatus_Nitrotoga"	"Soil"	"Rhizosphere Soil"	"SoilRhizosphere Soil"	-2.98462887126819	0	0.879849357571101	0.000693326950817269	0.00617825588946524	0.00118985766212262	0.00637618380771051	NA	"prevalence"	64	40
"Kribbella"	"Reads"	"Reads"	"Reads"	-0.544771924015562	-0.0299366818476919	0.139777371647134	0.000708134607557944	0.00619099173393073	0.000708134607557944	0.00424880764534767	NA	"abundance"	64	64
"Amaricoccus"	"Soil"	"Rhizosphere Soil"	"SoilRhizosphere Soil"	3.78611299195348	0	1.11764252160786	0.000705099562943628	0.00619099173393073	0.000705099562943628	0.00424880764534767	NA	"prevalence"	64	27
"Niastella"	"Soil"	"Rhizosphere Soil"	"SoilRhizosphere Soil"	2.86314413320786	0	0.845950790475027	0.000713007474975168	0.00619099173393073	0.00142550657029097	0.00741263416551303	NA	"prevalence"	64	49
"Methylocella"	"Soil"	"Rhizosphere Soil"	"SoilRhizosphere Soil"	-1.26397243108135	0.361621063769622	0.433290917539168	0.000758435780146001	0.00653233397738652	0.0015162963354594	0.00776963523717151	NA	"abundance"	64	59
"Legionella"	"Reads"	"Reads"	"Reads"	-0.666428121063358	-0.0299366818476919	0.176565309959814	0.000802996655216546	0.00686080342217017	0.000802996655216546	0.00477714959289843	NA	"abundance"	64	64
"Dongia"	"Reads"	"Reads"	"Reads"	0.400708380706073	-0.0299366818476919	0.116541462773575	0.000810316045862869	0.00686839315064718	0.000810316045862869	0.00478018373273726	NA	"abundance"	64	64
"Candidatus_Koribacter"	"Soil"	"Rhizosphere Soil"	"SoilRhizosphere Soil"	1.5370413182693	0.361621063769622	0.300319482989429	0.000825368647465114	0.00694089539758064	0.000825368647465114	0.00482840658767092	NA	"abundance"	64	63
"Planctomyces"	"Soil"	"Rhizosphere Soil"	"SoilRhizosphere Soil"	2.01398572127755	0.361621063769622	0.448776119836758	0.000861576460685066	0.00718877859384102	0.000861576460685066	0.00499856756529683	NA	"abundance"	64	64
"Marisediminicola"	"Soil"	"Rhizosphere Soil"	"SoilRhizosphere Soil"	3.04386873100965	0.361621063769622	0.744702949233265	0.000907403691527215	0.00751245846938811	0.000907403691527215	0.00517884058091142	NA	"abundance"	64	57
"Arenimonas"	"Reads"	"Reads"	"Reads"	-0.889967074498434	-0.0299366818476919	0.240155523945001	0.000932678963437721	0.00766231640731912	0.000932678963437721	0.00524401018779678	NA	"abundance"	64	64
"Rhodovastum"	"Reads"	"Reads"	"Reads"	0.621452993409714	-0.0299366818476919	0.183787547856882	0.000940574912403097	0.00766819852249242	0.000940574912403097	0.00524401018779678	NA	"abundance"	64	63
"Escherichia-Shigella"	"Reads"	"Reads"	"Reads"	-1.6341553138688	-0.0299366818476919	0.423281378959683	0.000978638870765151	0.00791807813619077	0.000978638870765151	0.00540948415178847	NA	"abundance"	64	26
"Blastochloris"	"Reads"	"Reads"	"Reads"	0.512993147565086	-0.0299366818476919	0.152738671191435	0.0010300243192788	0.00827117272924631	0.0010300243192788	0.00564903962604467	NA	"abundance"	64	61
"Blastomonas"	"Soil"	"Rhizosphere Soil"	"SoilRhizosphere Soil"	-2.12881672775212	0	0.650194281749628	0.00105990075041339	0.00844756717493655	0.00211867811122605	0.0101177689393244	NA	"prevalence"	64	22
"Haloferula"	"Soil"	"Rhizosphere Soil"	"SoilRhizosphere Soil"	2.40018364779257	0.361621063769622	0.573313999141383	0.00110620588888095	0.0087513176987026	0.0022111880862933	0.0104882029498506	NA	"abundance"	64	57
"Candidatus_Microthrix"	"Soil"	"Rhizosphere Soil"	"SoilRhizosphere Soil"	1.56008539814224	0.361621063769622	0.300706170679574	0.00117433708890699	0.00922200008053431	0.00117433708890699	0.00634142028009775	NA	"abundance"	64	64
"Fluviicola"	"Soil"	"Rhizosphere Soil"	"SoilRhizosphere Soil"	2.3092941526166	0.361621063769622	0.546648757931382	0.00128816326390023	0.0100165357322141	0.00128816326390023	0.00683141783950028	NA	"abundance"	64	47
"Pseudonocardia"	"Reads"	"Reads"	"Reads"	-0.37861212329307	-0.0299366818476919	0.0968693928729085	0.00129427147101643	0.0100165357322141	0.00129427147101643	0.00683141783950028	NA	"abundance"	64	64
"Agrococcus"	"Soil"	"Rhizosphere Soil"	"SoilRhizosphere Soil"	3.73974877666307	0	1.16886064285352	0.00137674706561294	0.0105781716983786	0.00137674706561294	0.00721251074671854	NA	"prevalence"	64	22
"Lautropia"	"Reads"	"Reads"	"Reads"	0.616333040276032	-0.0299366818476919	0.188139626058865	0.00143620009764992	0.0109046599759106	0.00287033752457935	0.0128743197485075	NA	"abundance"	64	53
"Nitrosospira"	"Reads"	"Reads"	"Reads"	0.638710481611559	-0.0299366818476919	0.197053336382996	0.00144652360572908	0.0109046599759106	0.00289095478091623	0.0128743197485075	NA	"abundance"	64	63
"Rickettsia"	"Soil"	"Rhizosphere Soil"	"SoilRhizosphere Soil"	-2.35638151264662	0	0.739945367040824	0.00144987052114167	0.0109046599759106	0.00289763891775526	0.0128743197485075	NA	"prevalence"	64	19
"Aquabacterium"	"Soil"	"Rhizosphere Soil"	"SoilRhizosphere Soil"	-1.81143015808191	0.361621063769622	0.630165626570439	0.00148685534219945	0.0111046259123707	0.00148685534219945	0.00767479742811773	NA	"abundance"	64	55
"Azospira"	"Soil"	"Rhizosphere Soil"	"SoilRhizosphere Soil"	2.34178005762937	0	0.737933988618049	0.00150650489934044	0.0111499713671198	0.00301074024166915	0.0132736017511576	NA	"prevalence"	64	39
"Plantibacter"	"Soil"	"Rhizosphere Soil"	"SoilRhizosphere Soil"	2.06759462027665	0	0.651821950912844	0.00151380697400035	0.0111499713671198	0.00302532233644617	0.0132736017511576	NA	"prevalence"	64	38
"Steroidobacter"	"Soil"	"Rhizosphere Soil"	"SoilRhizosphere Soil"	-0.734243741977475	0.361621063769622	0.296211354318012	0.00155477012146247	0.0113732499296021	0.00155477012146247	0.00790904800917863	NA	"abundance"	64	63
"Burkholderia"	"Soil"	"Rhizosphere Soil"	"SoilRhizosphere Soil"	2.64102091697566	0.361621063769622	0.356602960900046	0.00166264984699311	0.0119175170240848	0.00166264984699311	0.00833700137563686	NA	"abundance"	64	64
"Illumatobacter"	"Reads"	"Reads"	"Reads"	-0.64490126926422	-0.0299366818476919	0.176103202891577	0.00164480589724171	0.0119175170240848	0.00328690640804382	0.0140695627954071	NA	"abundance"	64	37
"Terrimonas"	"Reads"	"Reads"	"Reads"	-0.924493886836645	-0.0299366818476919	0.268757251099456	0.00165360423178145	0.0119175170240848	0.00165360423178145	0.00833700137563686	NA	"abundance"	64	62
"Azospira"	"Reads"	"Reads"	"Reads"	2.36040830013277	0	0.751914121746305	0.00169410172901167	0.0120620043105631	0.0033853334773551	0.0144030551582017	NA	"prevalence"	64	39
"Rhodoplanes"	"Soil"	"Rhizosphere Soil"	"SoilRhizosphere Soil"	-0.818973184571032	0.361621063769622	0.315947785271486	0.00173700096668529	0.0122855432610589	0.00173700096668529	0.00864804736605016	NA	"abundance"	64	64
"Acidicaldus"	"Reads"	"Reads"	"Reads"	0.673187804055147	-0.0299366818476919	0.211893083281381	0.00177223103965068	0.0123708676493263	0.00354132127644346	0.0146540731866843	NA	"abundance"	64	62
"Rhodobacter"	"Soil"	"Rhizosphere Soil"	"SoilRhizosphere Soil"	-2.64238618453957	0	0.844871993615514	0.00176265022204429	0.0123708676493263	0.00352219350828331	0.0146540731866843	NA	"prevalence"	64	18
"Nocardioides"	"Reads"	"Reads"	"Reads"	-0.513087286819891	-0.0299366818476919	0.143800223374127	0.0018599223021623	0.012898681939671	0.0018599223021623	0.00919482715576009	NA	"abundance"	64	64
"Rubritepida"	"Soil"	"Rhizosphere Soil"	"SoilRhizosphere Soil"	5.92300324381667	0	1.90834915717902	0.0019109671829306	0.0131671803314186	0.0019109671829306	0.0093811116252957	NA	"prevalence"	64	24
"Asticcacaulis"	"Reads"	"Reads"	"Reads"	0.430402275001228	-0.0299366818476919	0.137446450137661	0.00192534367722688	0.0131811990210148	0.00192534367722688	0.00938605042648105	NA	"abundance"	64	64
"Aeromicrobium"	"Soil"	"Rhizosphere Soil"	"SoilRhizosphere Soil"	2.84068556426796	0.361621063769622	0.7180869550908	0.00199222227751751	0.0134664138758778	0.00199222227751751	0.00964510371598131	NA	"abundance"	64	63
"Talaromyces_phialosporus"	"Reads"	"Reads"	"Reads"	-1.93136765296518	0	0.62457764634494	0.00198626805657018	0.0134664138758778	0.00396859085234782	0.0160665520279542	NA	"prevalence"	64	29
"Aminobacter"	"Soil"	"Rhizosphere Soil"	"SoilRhizosphere Soil"	5.48928072421845	0	1.77894643591019	0.00203079087079877	0.0136407839623465	0.00405745763003662	0.0160922895835351	NA	"prevalence"	64	56
"Pseudomonas"	"Reads"	"Reads"	"Reads"	0.58810560914879	-0.0299366818476919	0.188729617536512	0.0020704445967153	0.0138202176830746	0.0020704445967153	0.00995515141708314	NA	"abundance"	64	64
"Devosia"	"Reads"	"Reads"	"Reads"	0.262716287217481	-0.0299366818476919	0.0845953611398521	0.00226994181145671	0.0150577506499116	0.00226994181145671	0.0106946251788095	NA	"abundance"	64	64
"Acidibacter"	"Reads"	"Reads"	"Reads"	0.272933844669973	-0.0299366818476919	0.0887068479851478	0.00232674648712439	0.0153392916558571	0.00232674648712439	0.0108891735597422	NA	"abundance"	64	64
"Amaricoccus"	"Reads"	"Reads"	"Reads"	1.63092025606087	0	0.537069264945503	0.00239180392266268	0.0156714514687346	0.00239180392266268	0.0111195122762199	NA	"prevalence"	64	27
"Sorangium"	"Reads"	"Reads"	"Reads"	0.555072132613511	-0.0299366818476919	0.181658280804991	0.002452042550493	0.0158324365097341	0.002452042550493	0.0112505481728502	NA	"abundance"	64	64
"Telmatobacter"	"Soil"	"Rhizosphere Soil"	"SoilRhizosphere Soil"	1.63721640769187	0.361621063769622	0.374953857724808	0.00243426618381807	0.0158324365097341	0.00243426618381807	0.0112424661910545	NA	"abundance"	64	63
"Intestinibacter"	"Soil"	"Rhizosphere Soil"	"SoilRhizosphere Soil"	3.55550871733201	0	1.1741658101353	0.00246084687323583	0.0158324365097341	0.00491563797913814	0.0191709881186387	NA	"prevalence"	64	55
"Bryocella"	"Soil"	"Rhizosphere Soil"	"SoilRhizosphere Soil"	2.79694467924092	0	0.92703635619587	0.00255220784093614	0.0163219040366455	0.00509790191700895	0.0194496040529363	NA	"prevalence"	64	54
"Aciditerrimonas"	"Reads"	"Reads"	"Reads"	-0.618723842243701	-0.0299366818476919	0.182742730185552	0.00261794661836162	0.016544183363374	0.00522903959222664	0.019629870554776	NA	"abundance"	64	56
"Micromonospora"	"Soil"	"Rhizosphere Soil"	"SoilRhizosphere Soil"	-2.20833222547706	0.361621063769622	0.775766279855693	0.00260288752582542	0.016544183363374	0.00519900002817874	0.019629870554776	NA	"abundance"	64	53
"Flavisolibacter"	"Soil"	"Rhizosphere Soil"	"SoilRhizosphere Soil"	2.41402231144691	0.361621063769622	0.432764345897022	0.00272358748383837	0.016911578097322	0.00272358748383837	0.0124153143743801	NA	"abundance"	64	64
"Lautropia"	"Soil"	"Rhizosphere Soil"	"SoilRhizosphere Soil"	1.69039207607615	0.361621063769622	0.396749932695275	0.00271496964933908	0.016911578097322	0.00542256823848132	0.0200806520452256	NA	"abundance"	64	53
"Bacteriovorax"	"Reads"	"Reads"	"Reads"	3.60835291989877	0	1.20293275865675	0.00270307945053714	0.016911578097322	0.00539885226255837	0.0200806520452256	NA	"prevalence"	64	47
"Candidatus_Solibacter"	"Reads"	"Reads"	"Reads"	0.371940395413292	-0.0299366818476919	0.121868201437235	0.00286216150752435	0.0176692976302659	0.00286216150752435	0.0128743197485075	NA	"abundance"	64	64
"Sporosarcina"	"Reads"	"Reads"	"Reads"	0.75605409743999	-0.0299366818476919	0.249104580628474	0.00289195437945918	0.0177506165359909	0.0057755453587855	0.0211168377180595	NA	"abundance"	64	57
"Rhodoligotrophos"	"Soil"	"Rhizosphere Soil"	"SoilRhizosphere Soil"	4.80032040116779	0	1.61478413111696	0.00295162084061083	0.0180133203301278	0.00589452961563493	0.0214402061667136	NA	"prevalence"	64	54
"Rhodococcus"	"Soil"	"Rhizosphere Soil"	"SoilRhizosphere Soil"	2.42773983105058	0.361621063769622	0.641703562252802	0.00303353544438695	0.018408044628439	0.00605786855148154	0.0219207408409281	NA	"abundance"	64	62
"Advenella"	"Reads"	"Reads"	"Reads"	1.81156291379046	0	0.612566867022666	0.00310314922133101	0.0187240868270142	0.00619666890757217	0.0223080080672598	NA	"prevalence"	64	42
"Bacillus"	"Soil"	"Rhizosphere Soil"	"SoilRhizosphere Soil"	-1.21152458064392	0.361621063769622	0.49034974483051	0.00312234657602646	0.0187340794561588	0.00312234657602646	0.0136142068097551	NA	"abundance"	64	64
"Bosea"	"Soil"	"Rhizosphere Soil"	"SoilRhizosphere Soil"	4.45941559613721	0.361621063769622	0.446951505982385	0.00316374344443274	0.0188764134003026	0.00631747761628329	0.0225243183324697	NA	"abundance"	64	63
"Labrys"	"Soil"	"Rhizosphere Soil"	"SoilRhizosphere Soil"	1.13074439434161	0.361621063769622	0.20499979923976	0.00323417446389384	0.0191894351524368	0.00323417446389384	0.0140147560102066	NA	"abundance"	64	64
"Rhodopseudomonas"	"Reads"	"Reads"	"Reads"	0.4742366073222	-0.0299366818476919	0.16076296529499	0.00327883905897409	0.0192464279491594	0.00327883905897409	0.0140695627954071	NA	"abundance"	64	63
"Candidatus_Rhabdochlamydia"	"Soil"	"Rhizosphere Soil"	"SoilRhizosphere Soil"	1.92476658441331	0	0.654634138849212	0.00327982199133615	0.0192464279491594	0.00654888675037746	0.0231021030088692	NA	"prevalence"	64	40
"Low Abundance OTU Group"	"Soil"	"Rhizosphere Soil"	"SoilRhizosphere Soil"	-1.76126583673951	0	0.600585607733547	0.00336157411668744	0.0195333288279643	0.0067118480528329	0.0233510917519742	NA	"prevalence"	64	26
"Parvibaculum"	"Reads"	"Reads"	"Reads"	5.74764896412158	0	1.96015804547846	0.00336529260706501	0.0195333288279643	0.00671926001979886	0.0233510917519742	NA	"prevalence"	64	58
"Niastella"	"Soil"	"Rhizosphere Soil"	"SoilRhizosphere Soil"	2.27481149820263	0.361621063769622	0.601742731466053	0.00340256959642458	0.0196429423188187	0.00142550657029097	0.00741263416551303	NA	"abundance"	64	49
"Truepera"	"Soil"	"Rhizosphere Soil"	"SoilRhizosphere Soil"	5.23762215873371	0	1.79017741775344	0.00343620429020745	0.0197304633437718	0.00343620429020745	0.0145314181429255	NA	"prevalence"	64	20
"Novosphingobium"	"Soil"	"Rhizosphere Soil"	"SoilRhizosphere Soil"	2.07322675032056	0.361621063769622	0.353108289654927	0.00349357895515632	0.0197414937783437	0.00349357895515632	0.0146540731866843	NA	"abundance"	64	63
"Sclerotinia_borealis"	"Soil"	"Rhizosphere Soil"	"SoilRhizosphere Soil"	-1.87144345025842	0.361621063769622	0.666444242729753	0.00348560154940108	0.0197414937783437	0.00695905368064097	0.0239473317833822	NA	"abundance"	64	25
"Leptothrix"	"Soil"	"Rhizosphere Soil"	"SoilRhizosphere Soil"	-1.85235060376127	0	0.634053896792032	0.00348417047900851	0.0197414937783437	0.00695620151409023	0.0239473317833822	NA	"prevalence"	64	25
"Sphingobium"	"Reads"	"Reads"	"Reads"	0.446546945735949	-0.0299366818476919	0.152497726244292	0.00351307601937643	0.0197471852036528	0.00701381033563495	0.0240180236859304	NA	"abundance"	64	62
"Fictibacillus"	"Soil"	"Rhizosphere Soil"	"SoilRhizosphere Soil"	3.26006974173703	0	1.11810174148423	0.00354870718196058	0.0198430328289733	0.00354870718196058	0.0146540731866843	NA	"prevalence"	64	19
"Incertae_Sedis"	"Soil"	"Rhizosphere Soil"	"SoilRhizosphere Soil"	1.80982827497367	0	0.623253123340151	0.00368614738598773	0.0205041948345567	0.00368614738598773	0.0151326050582654	NA	"prevalence"	64	34
"Rhodomicrobium"	"Soil"	"Rhizosphere Soil"	"SoilRhizosphere Soil"	-1.38746487786236	0.361621063769622	0.542942807583904	0.00373673620893315	0.0206778977779306	0.00373673620893315	0.0152510977829714	NA	"abundance"	64	37
"Parvibaculum"	"Reads"	"Reads"	"Reads"	0.413821177760621	-0.0299366818476919	0.142671622906607	0.00376754610360462	0.0207409239105657	0.00671926001979886	0.0233510917519742	NA	"abundance"	64	58
"Adhaeribacter"	"Soil"	"Rhizosphere Soil"	"SoilRhizosphere Soil"	2.0068002126274	0	0.69324056435553	0.00379387230740774	0.0207787467913408	0.00757335114773056	0.0254377631852002	NA	"prevalence"	64	46
"Blastomonas"	"Soil"	"Rhizosphere Soil"	"SoilRhizosphere Soil"	-1.95861997103176	0.361621063769622	0.68946780943824	0.00381355013039157	0.02077995683295	0.00211867811122605	0.0101177689393244	NA	"abundance"	64	22
"Catenulispora"	"Soil"	"Rhizosphere Soil"	"SoilRhizosphere Soil"	4.11761070610108	0	1.42837895451917	0.00394262865339659	0.0213742507706982	0.00786971298609459	0.0259576855902287	NA	"prevalence"	64	20
"Ktedonobacter"	"Reads"	"Reads"	"Reads"	-0.645934902432742	-0.0299366818476919	0.202707593050041	0.00398230776761258	0.0213889233854326	0.00398230776761258	0.0160665520279542	NA	"abundance"	64	64
"Polymorphobacter"	"Reads"	"Reads"	"Reads"	3.00180374200365	0	1.04254061142281	0.00398538928249165	0.0213889233854326	0.0079548952372503	0.0259679827003026	NA	"prevalence"	64	51
"Afipia"	"Reads"	"Reads"	"Reads"	0.375421637231585	-0.0299366818476919	0.130476666692303	0.00401912796997835	0.0214621433596844	0.00401912796997835	0.0160922895835351	NA	"abundance"	64	63
"Microbacterium"	"Soil"	"Rhizosphere Soil"	"SoilRhizosphere Soil"	2.80619794172039	0.361621063769622	0.776903224837463	0.00405591372862012	0.0215508251849069	0.00405591372862012	0.0160922895835351	NA	"abundance"	64	63
"Polycyclovorans"	"Soil"	"Rhizosphere Soil"	"SoilRhizosphere Soil"	-1.54740285218063	0.361621063769622	0.607381442867977	0.00419114404242189	0.0221591180064682	0.00836472239645944	0.0269359409280483	NA	"abundance"	64	40
"Umezawaea"	"Soil"	"Rhizosphere Soil"	"SoilRhizosphere Soil"	-1.72253213540759	0	0.605422708434997	0.00443873561667731	0.0233525597961151	0.00885776885947987	0.0281364422595243	NA	"prevalence"	64	33
"Arthrobacter"	"Soil"	"Rhizosphere Soil"	"SoilRhizosphere Soil"	-1.11148985871382	0.361621063769622	0.47673916333896	0.00455544121630491	0.0238490746030081	0.00455544121630491	0.0179658412013823	NA	"abundance"	64	64
"Williamsia"	"Reads"	"Reads"	"Reads"	3.65035011129243	0	1.28892210295771	0.00462440770332859	0.0240920362300241	0.00922743026005057	0.0291786308223221	NA	"prevalence"	64	57
"Acidicapsa"	"Reads"	"Reads"	"Reads"	4.64978214595889	0	1.64534619131732	0.0047130240558648	0.0244345130663282	0.00940383551597844	0.0296031055256362	NA	"prevalence"	64	58
"bacterium_enrichment_culture_clone_heteroC45_4W"	"Reads"	"Reads"	"Reads"	-0.930684198708973	-0.0299366818476919	0.290179703529027	0.00479195804226676	0.0246048614862543	0.00956095322265467	0.0299633444745695	NA	"abundance"	64	29
"Solirubrobacter"	"Reads"	"Reads"	"Reads"	0.406401054481617	-0.0299366818476919	0.144678863502165	0.00477937909816033	0.0246048614862543	0.00477937909816033	0.018743710206193	NA	"abundance"	64	64
"Mucilaginibacter"	"Soil"	"Rhizosphere Soil"	"SoilRhizosphere Soil"	2.12584959977751	0.361621063769622	0.509242193693508	0.00497994146229018	0.0253033526620268	0.00497994146229018	0.0191767626686147	NA	"abundance"	64	64
"Streptomyces"	"Reads"	"Reads"	"Reads"	-0.42367136694127	-0.0299366818476919	0.130009077053822	0.00496197042519034	0.0253033526620268	0.00496197042519034	0.0191767626686147	NA	"abundance"	64	64
"Alkanindiges"	"Soil"	"Rhizosphere Soil"	"SoilRhizosphere Soil"	5.77418140042904	0	2.05699635305892	0.00499907061019443	0.0253033526620268	0.00499907061019443	0.0191767626686147	NA	"prevalence"	64	22
"Fodinicola"	"Reads"	"Reads"	"Reads"	-0.533527917298574	-0.0299366818476919	0.154977815163214	0.00514741389949605	0.0259313115314235	0.0102683319291394	0.0317549295782196	NA	"abundance"	64	22
"Caulobacter"	"Reads"	"Reads"	"Reads"	0.408743442958995	-0.0299366818476919	0.146928655178343	0.00520770752775468	0.0261118856321221	0.00520770752775468	0.019629870554776	NA	"abundance"	64	63
"Nevskia"	"Reads"	"Reads"	"Reads"	2.47070055691274	0	0.887815788221092	0.00538757828147834	0.0268875402084994	0.0107461305632176	0.0330867704183279	NA	"prevalence"	64	47
"Novosphingobium"	"Reads"	"Reads"	"Reads"	0.354800675821671	-0.0299366818476919	0.128319674701045	0.00543493431423484	0.0269977202214084	0.00543493431423484	0.0200806520452256	NA	"abundance"	64	63
"Altererythrobacter"	"Reads"	"Reads"	"Reads"	0.428894153113624	-0.0299366818476919	0.155381863886217	0.00559437207892332	0.0276610619457875	0.00559437207892332	0.0205615141330061	NA	"abundance"	64	63
"Cryobacterium"	"Reads"	"Reads"	"Reads"	-0.518314032228485	-0.0299366818476919	0.166195928233293	0.00579593342477255	0.0285256078233045	0.0115582740052807	0.0351251443796842	NA	"abundance"	64	59
"Zymomonas"	"Reads"	"Reads"	"Reads"	3.00492425230633	0	1.09680018554065	0.00614917421260301	0.030125312197523	0.00116983091084668	0.00634142028009775	NA	"prevalence"	64	56
"Janibacter"	"Soil"	"Rhizosphere Soil"	"SoilRhizosphere Soil"	-1.34273116991079	0.361621063769622	0.58136292407758	0.00632092693945374	0.0308253423348703	0.00632092693945374	0.0225243183324697	NA	"abundance"	64	57
"Candidatus_Rhabdochlamydia"	"Reads"	"Reads"	"Reads"	1.31061583079976	0	0.480525744794133	0.00638235593103456	0.030983436974295	0.0127239773948387	0.0385010005654171	NA	"prevalence"	64	40
"Cellvibrio"	"Soil"	"Rhizosphere Soil"	"SoilRhizosphere Soil"	-1.24875788425799	0.361621063769622	0.550449874174493	0.00644968549993331	0.0311686159001302	0.0128577725568186	0.0387388683900714	NA	"abundance"	64	60
"Pseudolabrys"	"Soil"	"Rhizosphere Soil"	"SoilRhizosphere Soil"	1.00193382185151	0.361621063769622	0.174854898263267	0.00652673265456126	0.0313988760138352	0.00652673265456126	0.0231021030088692	NA	"abundance"	64	64
"Thalassospira"	"Reads"	"Reads"	"Reads"	1.42866678565118	0	0.526932849030402	0.0067022355573631	0.0320985989922143	0.0067022355573631	0.0233510917519742	NA	"prevalence"	64	46
"possible_genus_04"	"Reads"	"Reads"	"Reads"	3.62826019585103	0	1.34614713236897	0.00703268767175022	0.0335308501492377	0.0140159166476121	0.0416914130789139	NA	"prevalence"	64	59
"Cellvibrio"	"Reads"	"Reads"	"Reads"	4.49287352931929	0	1.66998647229584	0.00713738586647411	0.0338787915795304	0.0142238294559413	0.0421313429454463	NA	"prevalence"	64	60
"Granulicella"	"Reads"	"Reads"	"Reads"	0.520290970060595	-0.0299366818476919	0.194294530456251	0.00721434520198923	0.0340925693616128	0.00721434520198923	0.024584807435905	NA	"abundance"	64	64
"Nitrosospira"	"Soil"	"Rhizosphere Soil"	"SoilRhizosphere Soil"	-1.30043692157191	0.361621063769622	0.556080019985227	0.00730612873006482	0.0342234451039879	0.00730612873006482	0.0246581844639688	NA	"abundance"	64	63
"Craurococcus"	"Soil"	"Rhizosphere Soil"	"SoilRhizosphere Soil"	7.10675736712871	0	2.64876931239327	0.00729559877378673	0.0342234451039879	0.00729559877378673	0.0246581844639688	NA	"prevalence"	64	22
"Cytophaga"	"Reads"	"Reads"	"Reads"	3.13469756761928	0	1.17384423555929	0.00757486472909419	0.0353273167278279	0.0150923508825243	0.0441451263313836	NA	"prevalence"	64	58
"Adhaeribacter"	"Reads"	"Reads"	"Reads"	1.7521304034771	0	0.656873969481924	0.007644590532452	0.0353438211630248	0.0152307413004952	0.0443650638711519	NA	"prevalence"	64	46
"Glarea_lozoyensis_74030"	"Reads"	"Reads"	"Reads"	-1.81143142500231	-0.0299366818476919	0.613231835387711	0.00790962722501857	0.0355934033955804	0.00790962722501857	0.0259576855902287	NA	"abundance"	64	27
"Nakamurella"	"Soil"	"Rhizosphere Soil"	"SoilRhizosphere Soil"	-2.15552176613698	0.361621063769622	0.332710843500411	0.007753003050461	0.0355934033955804	0.007753003050461	0.0259171816258268	NA	"abundance"	64	64
"Singulisphaera"	"Soil"	"Rhizosphere Soil"	"SoilRhizosphere Soil"	1.07209088745907	0.361621063769622	0.214532261903921	0.00782282470149448	0.0355934033955804	0.00782282470149448	0.0259576855902287	NA	"abundance"	64	64
"Woodsholea"	"Soil"	"Rhizosphere Soil"	"SoilRhizosphere Soil"	-1.19978892820785	0.361621063769622	0.535944088305072	0.00791302666140874	0.0355934033955804	0.00791302666140874	0.0259576855902287	NA	"abundance"	64	39
"Rhodovarius"	"Soil"	"Rhizosphere Soil"	"SoilRhizosphere Soil"	3.38509656578976	0	1.27187656137751	0.00777938682231177	0.0355934033955804	0.0154982547852924	0.0449577473523771	NA	"prevalence"	64	17
"Terriglobus"	"Reads"	"Reads"	"Reads"	4.83193143158032	0	1.81996631840813	0.00793186330350948	0.0355934033955804	0.0158008121515534	0.0453784904966749	NA	"prevalence"	64	60
"Uliginosibacterium"	"Soil"	"Rhizosphere Soil"	"SoilRhizosphere Soil"	2.37362024591942	0	0.892971594659104	0.00785793211637829	0.0355934033955804	0.015654117135611	0.0452230050584317	NA	"prevalence"	64	55
"Rhizobacter"	"Soil"	"Rhizosphere Soil"	"SoilRhizosphere Soil"	1.36987883778841	0.361621063769622	0.338595472178974	0.00799014852317003	0.035704931475923	0.00799014852317003	0.0259679827003026	NA	"abundance"	64	64
"Micromonospora"	"Reads"	"Reads"	"Reads"	2.79682503111206	0	1.05941783688302	0.00829148156827984	0.0368970929788453	0.0165142144699626	0.0467458812819101	NA	"prevalence"	64	53
"Nocardioides"	"Soil"	"Rhizosphere Soil"	"SoilRhizosphere Soil"	1.5866557799522	0.361621063769622	0.424310635528291	0.00835875633126951	0.0370421234929288	0.00835875633126951	0.0269359409280483	NA	"abundance"	64	64
"Stenotrophomonas"	"Soil"	"Rhizosphere Soil"	"SoilRhizosphere Soil"	4.38981266651651	0	1.67088408579369	0.00860807240877221	0.0379893443494575	0.0171420459069497	0.0483281776171836	NA	"prevalence"	64	56
"Erythrobacter"	"Reads"	"Reads"	"Reads"	0.573711090277475	-0.0299366818476919	0.220027958429869	0.00873359596687101	0.0381212701200652	0.00873359596687101	0.0278681107670157	NA	"abundance"	64	63
"Pantoea"	"Soil"	"Rhizosphere Soil"	"SoilRhizosphere Soil"	2.32413707083383	0	0.886608876922488	0.00875750814994332	0.0381212701200652	0.0174383223508903	0.0487064942685219	NA	"prevalence"	64	55
"Rubritepida"	"Reads"	"Reads"	"Reads"	1.92424144599635	0	0.733405797268691	0.00869787400232922	0.0381212701200652	0.00869787400232922	0.0278681107670157	NA	"prevalence"	64	24
"Staphylococcus"	"Soil"	"Rhizosphere Soil"	"SoilRhizosphere Soil"	2.62031035798923	0	0.999937247968269	0.00878074199394761	0.0381212701200652	0.0174843825579309	0.0487064942685219	NA	"prevalence"	64	17
"Albidiferax"	"Reads"	"Reads"	"Reads"	2.63479835619399	0	1.00699700172417	0.00888387672584149	0.0384128758833956	0.017688830186003	0.049081260041795	NA	"prevalence"	64	55
"Acidobacteria_bacterium_Ellin7246"	"Reads"	"Reads"	"Reads"	1.83371332924288	0	0.701220730922223	0.00892195883460098	0.0384219840135236	0.0177643163197557	0.0490966537656239	NA	"prevalence"	64	38
"Clostridium_sensu_stricto_9"	"Reads"	"Reads"	"Reads"	-0.538597251321569	-0.0299366818476919	0.171303171496458	0.00938035329860436	0.0402338045096765	0.0186727155692021	0.0510048495314392	NA	"abundance"	64	21
"Chelatococcus_sp._P-102"	"Soil"	"Rhizosphere Soil"	"SoilRhizosphere Soil"	-1.64790311547378	0	0.636129279547199	0.00958321496573057	0.040939494333601	0.0190745919223817	0.051700245287691	NA	"prevalence"	64	33
"Rhodovastum"	"Soil"	"Rhizosphere Soil"	"SoilRhizosphere Soil"	2.20593808761495	0.361621063769622	0.510149687443231	0.00971868783860059	0.0413528231538862	0.00971868783860059	0.0303223060564338	NA	"abundance"	64	63
"Unknown"	"Soil"	"Rhizosphere Soil"	"SoilRhizosphere Soil"	-0.276242891904228	0.361621063769622	0.0533580047269672	0.0101765266200219	0.0429586183011203	0.0101765266200219	0.0316102729524575	NA	"abundance"	64	64
"Rhodopila"	"Reads"	"Reads"	"Reads"	1.40048762203146	0	0.544730255396472	0.0101412779896248	0.0429586183011203	0.0201797104599868	0.0538637138513717	NA	"prevalence"	64	48
"Neochlamydia"	"Reads"	"Reads"	"Reads"	-0.922421132446112	-0.0299366818476919	0.315528504582366	0.0102241066456959	0.0429895507779656	0.0203436809346893	0.0540956970308784	NA	"abundance"	64	25
"Pilimelia"	"Reads"	"Reads"	"Reads"	1.51041857133201	0	0.589581253244479	0.0104116357683049	0.0436063803943121	0.0207148693772379	0.0548748615200792	NA	"prevalence"	64	16
"Frankia"	"Reads"	"Reads"	"Reads"	2.14497998863689	0	0.839203587489442	0.0105891959588137	0.0441768018906757	0.0210662608465731	0.0555959214823096	NA	"prevalence"	64	51
"Achromobacter"	"Soil"	"Rhizosphere Soil"	"SoilRhizosphere Soil"	2.07044253234967	0.361621063769622	0.465343635019623	0.0107621575556865	0.044550326625865	0.0214084910761195	0.0562874933911458	NA	"abundance"	64	63
"Ferrovibrio"	"Soil"	"Rhizosphere Soil"	"SoilRhizosphere Soil"	4.62704142773399	0.361621063769622	1.57400435129693	0.0107247982593858	0.044550326625865	1.65302068077113e-05	0.000187164599661505	NA	"abundance"	64	37
"Methylorosula"	"Soil"	"Rhizosphere Soil"	"SoilRhizosphere Soil"	1.94339022547011	0.361621063769622	0.585523892614499	0.0113903229192564	0.046787941837561	0.0226509063823079	0.0589703797067894	NA	"abundance"	64	55
"Pullulanibacillus"	"Soil"	"Rhizosphere Soil"	"SoilRhizosphere Soil"	1.6646446266071	0	0.657674105928401	0.0113702617737298	0.046787941837561	0.0113702617737298	0.0348555622932678	NA	"prevalence"	64	24
"Bosea"	"Reads"	"Reads"	"Reads"	0.458450324669727	-0.0299366818476919	0.18277931421103	0.0115518577198911	0.0470403092303326	0.0229702700230015	0.0590664086305753	NA	"abundance"	64	63
"Clostridium_sensu_stricto_9"	"Reads"	"Reads"	"Reads"	1.14428965485118	0	0.453260683173164	0.0115838963741362	0.0470403092303326	0.0186727155692021	0.0510048495314392	NA	"prevalence"	64	21
"Paracocccus"	"Soil"	"Rhizosphere Soil"	"SoilRhizosphere Soil"	4.53106737291488	0	1.79412269245614	0.0115531854756013	0.0470403092303326	0.0115531854756013	0.0351251443796842	NA	"prevalence"	64	16
"Phreatobacter"	"Reads"	"Reads"	"Reads"	5.64038998202334	0	2.24050620782151	0.011820360817188	0.0478187323968061	0.0235010007045275	0.0597742844006462	NA	"prevalence"	64	61
"Acidisoma"	"Reads"	"Reads"	"Reads"	0.588515210081376	-0.0299366818476919	0.236417210957163	0.0122442992157833	0.0489771968631334	0.0243386755682811	0.0614595332695442	NA	"abundance"	64	62
"Oceanobacillus"	"Reads"	"Reads"	"Reads"	0.80478924013255	-0.0299366818476919	0.320756179837072	0.0122073958107537	0.0489771968631334	0.0242657711090271	0.0614595332695442	NA	"abundance"	64	61
"Rhynchosporium_agropyri"	"Soil"	"Rhizosphere Soil"	"SoilRhizosphere Soil"	-1.49194092960153	0.361621063769622	0.676931442137373	0.0126770713712766	0.0505190754646398	0.0251934346040008	0.0629754206342529	NA	"abundance"	64	29
"Alsobacter"	"Soil"	"Rhizosphere Soil"	"SoilRhizosphere Soil"	2.22031284688575	0.361621063769622	0.708422992940332	0.0128436397516621	0.0509925920251863	0.0255223204212537	0.0633097842251594	NA	"abundance"	64	57
"Chlorochromatium"	"Reads"	"Reads"	"Reads"	1.87970398909096	0	0.757821413094474	0.0131233244872504	0.0517925838092439	0.0260744273289032	0.0642254315259299	NA	"prevalence"	64	50
"Rhynchosporium_agropyri"	"Soil"	"Rhizosphere Soil"	"SoilRhizosphere Soil"	-1.5166968283013	0	0.611651376893281	0.0131502061738391	0.0517925838092439	0.0251934346040008	0.0629754206342529	NA	"prevalence"	64	29
"Tetrasphaera"	"Soil"	"Rhizosphere Soil"	"SoilRhizosphere Soil"	1.54798699647919	0	0.624875797491751	0.013239115524273	0.0517925838092439	0.026302956868681	0.0645618032231261	NA	"prevalence"	64	43
"Verrucomicrobium"	"Soil"	"Rhizosphere Soil"	"SoilRhizosphere Soil"	1.61745130111422	0	0.652731918383046	0.0132131579848397	0.0517925838092439	0.0132131579848397	0.039639473954519	NA	"prevalence"	64	27
"Jatrophihabitans"	"Soil"	"Rhizosphere Soil"	"SoilRhizosphere Soil"	1.06895332279159	0.361621063769622	0.237228317928806	0.0134522664085939	0.052434381475833	0.0134522664085939	0.0401850681652464	NA	"abundance"	64	64
"Bordetella"	"Soil"	"Rhizosphere Soil"	"SoilRhizosphere Soil"	3.19080987177103	0.361621063769622	1.07963408074357	0.0135634987309857	0.0524848429155534	1.83995923862974e-05	0.000201820528987199	NA	"abundance"	64	39
"Rhodoligotrophos"	"Reads"	"Reads"	"Reads"	0.382585903091099	-0.0299366818476919	0.157512932654008	0.0135168373746989	0.0524848429155534	0.0268509698567837	0.0650578243707398	NA	"abundance"	64	54
"Plantibacter"	"Reads"	"Reads"	"Reads"	0.95856809529274	0	0.390866709424	0.0141900179819082	0.0547109718580433	0.0281786793534896	0.067977432667181	NA	"prevalence"	64	38
"Alicyclobacillus"	"Reads"	"Reads"	"Reads"	-0.709271459428807	-0.0299366818476919	0.238489231883466	0.0145669144214904	0.0557615218715117	0.0145669144214904	0.0427865017735827	NA	"abundance"	64	16
"Sclerotinia_borealis"	"Reads"	"Reads"	"Reads"	-0.888098445320367	-0.0299366818476919	0.321516635255094	0.0145216045580698	0.0557615218715117	0.0145216045580698	0.0427865017735827	NA	"abundance"	64	25
"Chelatococcus_sp._P-102"	"Reads"	"Reads"	"Reads"	1.69994574326877	0	0.697260089490738	0.0147672714164455	0.0563265924027278	0.029316470527804	0.069763262069554	NA	"prevalence"	64	33
"Lapillicoccus"	"Soil"	"Rhizosphere Soil"	"SoilRhizosphere Soil"	-1.74571554427583	0	0.716997171596449	0.0149016979456174	0.0566370583840549	0.0295813352895725	0.0701557343691887	NA	"prevalence"	64	43
"Geminicoccus"	"Reads"	"Reads"	"Reads"	2.01005813428432	0	0.830966232698441	0.0155657727076354	0.0589512242970022	0.0308892521352851	0.073010959592492	NA	"prevalence"	64	50
"Candidatus_Odyssella"	"Soil"	"Rhizosphere Soil"	"SoilRhizosphere Soil"	2.76240401699864	0.361621063769622	0.560787760544804	0.0158057202099811	0.0593479073492275	0.031361619628606	0.073631628693249	NA	"abundance"	64	60
"Larkinella"	"Soil"	"Rhizosphere Soil"	"SoilRhizosphere Soil"	2.1293435668238	0.361621063769622	0.691221409344459	0.0158372224667882	0.0593479073492275	0.0158372224667882	0.0453784904966749	NA	"abundance"	64	51
"Candidatus_Amoebophilus"	"Soil"	"Rhizosphere Soil"	"SoilRhizosphere Soil"	3.78133562793272	0	1.56587652865522	0.0157422789967231	0.0593479073492275	0.0312367386454355	0.0735845319768313	NA	"prevalence"	64	13
"Phyllobacterium"	"Reads"	"Reads"	"Reads"	-0.419845679037917	-0.0299366818476919	0.153334941657187	0.0160090633007668	0.0595719028475061	0.0317618364937657	0.0738304941014024	NA	"abundance"	64	63
"Propionibacterium"	"Reads"	"Reads"	"Reads"	-1.07358560157649	-0.0299366818476919	0.365873671524592	0.0160673004395181	0.0595719028475061	0.0318764427356225	0.0738493990833565	NA	"abundance"	64	14
"Aquibacter"	"Reads"	"Reads"	"Reads"	1.27736472915679	0	0.53020825372041	0.0159886078644995	0.0595719028475061	0.0317215801475542	0.0738304941014024	NA	"prevalence"	64	20
"Geobacter"	"Reads"	"Reads"	"Reads"	1.47481475292587	0	0.612926659914338	0.0161201122873869	0.0595719028475061	0.0319803665546159	0.0738493990833565	NA	"prevalence"	64	36
"Truepera"	"Reads"	"Reads"	"Reads"	1.44979908334499	0	0.603532824578337	0.0162973469617707	0.0600191950178314	0.0162973469617707	0.0465070632811505	NA	"prevalence"	64	20
"Jatrophihabitans"	"Reads"	"Reads"	"Reads"	0.275516721548676	-0.0299366818476919	0.118614158964403	0.016408438661411	0.060220661478993	0.016408438661411	0.0466345098797997	NA	"abundance"	64	64
"Aquibacter"	"Soil"	"Rhizosphere Soil"	"SoilRhizosphere Soil"	-1.68115076513905	0	0.702231654510436	0.0166652192376218	0.0609536100882878	0.0330527089430055	0.0760754153376717	NA	"prevalence"	64	20
"Glarea_lozoyensis_74030"	"Soil"	"Rhizosphere Soil"	"SoilRhizosphere Soil"	1.44622065595222	0	0.60535278457802	0.0168918068641411	0.0615715007880638	0.0334982805891467	0.0768489966456895	NA	"prevalence"	64	27
"Belnapia"	"Reads"	"Reads"	"Reads"	1.27693954254275	0	0.537433479854406	0.0175016751170336	0.0632629818623901	0.0346970416021651	0.078968628129933	NA	"prevalence"	64	50
"Quadrisphaera"	"Reads"	"Reads"	"Reads"	0.977953491470192	0	0.411403800745064	0.0174487224933593	0.0632629818623901	0.0174487224933593	0.0487064942685219	NA	"prevalence"	64	44
"Tetrasphaera"	"Reads"	"Reads"	"Reads"	1.07502928426726	0	0.452582201884647	0.017533560516168	0.0632629818623901	0.034759695287962	0.078968628129933	NA	"prevalence"	64	43
"Roseiflexus"	"Soil"	"Rhizosphere Soil"	"SoilRhizosphere Soil"	-0.497770064832151	0.361621063769622	0.322549812835435	0.0179201012823245	0.0644399601667426	0.0179201012823245	0.0493329847066345	NA	"abundance"	64	64
"Parvibaculum"	"Soil"	"Rhizosphere Soil"	"SoilRhizosphere Soil"	1.12741414946786	0.361621063769622	0.278726808535738	0.0180490716556227	0.0644695937398164	0.0357723743236157	0.0804878422281353	NA	"abundance"	64	58
"Talaromyces_phialosporus"	"Soil"	"Rhizosphere Soil"	"SoilRhizosphere Soil"	-1.58754524766657	0	0.671202381051103	0.0180190767316943	0.0644695937398164	0.0357134663371259	0.0804878422281353	NA	"prevalence"	64	29
"Advenella"	"Reads"	"Reads"	"Reads"	0.575378725136734	-0.0299366818476919	0.243656626667423	0.0186432946402782	0.0659592767064944	0.00619666890757217	0.0223080080672598	NA	"abundance"	64	42
"Herbaspirillum"	"Soil"	"Rhizosphere Soil"	"SoilRhizosphere Soil"	2.01295790886368	0.361621063769622	0.66479103856302	0.0186106853531	0.0659592767064944	0.0368750130968879	0.0827037034952567	NA	"abundance"	64	59
"Nakamurella"	"Reads"	"Reads"	"Reads"	0.307256018084944	-0.0299366818476919	0.13487132045931	0.0186514059600761	0.0659592767064944	0.0186514059600761	0.0510048495314392	NA	"abundance"	64	64
"Ammoniphilus"	"Reads"	"Reads"	"Reads"	-1.06117598109776	-0.0299366818476919	0.397292465451294	0.0188972233228937	0.0666080346826749	0.0188972233228937	0.0514180262506643	NA	"abundance"	64	21
"Arthrobacter"	"Reads"	"Reads"	"Reads"	-0.425586438625985	-0.0299366818476919	0.160434896158063	0.0192983571141317	0.0677981756509627	0.0192983571141317	0.0521055642081556	NA	"abundance"	64	64
"Angustibacter"	"Soil"	"Rhizosphere Soil"	"SoilRhizosphere Soil"	-0.555826254883913	0.361621063769622	0.336924452783272	0.0195709547999169	0.0680839730498738	0.0195709547999169	0.0526391198066731	NA	"abundance"	64	64
"Rhynchosporium_orthosporum"	"Reads"	"Reads"	"Reads"	-1.13494164142442	0	0.48600109976411	0.0195295509583437	0.0680839730498738	0.0386776985560529	0.085652190493215	NA	"prevalence"	64	22
"Stenotrophomonas"	"Reads"	"Reads"	"Reads"	3.62125992598388	0	1.54961832736591	0.019445832389751	0.0680839730498738	0.0385135243821716	0.0855585256844445	NA	"prevalence"	64	56
"Rubellimicrobium"	"Reads"	"Reads"	"Reads"	0.988743088414618	0	0.424615047144281	0.0198822030744294	0.0689421846866578	0.039369104149766	0.086909154443823	NA	"prevalence"	64	45
"Byssovorax"	"Soil"	"Rhizosphere Soil"	"SoilRhizosphere Soil"	-0.847363140467317	0.361621063769622	0.468355570303515	0.0200979089891893	0.0694646174771981	0.0200979089891893	0.0538501225588203	NA	"abundance"	64	64
"Kineococcus"	"Soil"	"Rhizosphere Soil"	"SoilRhizosphere Soil"	-0.947638310631549	0.361621063769622	0.52843946863455	0.0202935617729354	0.0696897876961253	0.0401752948964388	0.0879303468955636	NA	"abundance"	64	59
"Rhodoligotrophos"	"Reads"	"Reads"	"Reads"	3.22530631990979	0	1.39265242784921	0.0205612760883178	0.0703828296869341	0.0268509698567837	0.0650578243707398	NA	"prevalence"	64	54
"Hansschlegelia"	"Reads"	"Reads"	"Reads"	0.894629895980552	0	0.387092666491016	0.0208244740534996	0.0710560328726441	0.0412152893873944	0.0898144069401567	NA	"prevalence"	64	22
"Myxococcus"	"Reads"	"Reads"	"Reads"	0.897799363778647	0	0.388930779291478	0.0209781059063751	0.0712313703137446	0.0415161308853311	0.0898144069401567	NA	"prevalence"	64	18
"Peredibacter"	"Reads"	"Reads"	"Reads"	2.28667770481234	0	0.990839635939155	0.0210092524801775	0.0712313703137446	0.0415771162705791	0.0898144069401567	NA	"prevalence"	64	51
"Adhaeribacter"	"Reads"	"Reads"	"Reads"	-0.783747601371202	-0.0299366818476919	0.313587281215925	0.0215158805074733	0.0718551208955544	0.0152307413004952	0.0443650638711519	NA	"abundance"	64	46
"Candidatus_Nitrotoga"	"Reads"	"Reads"	"Reads"	-0.63233043999093	-0.0299366818476919	0.248727347556249	0.0215296242383684	0.0718551208955544	0.0425957237568914	0.0914440308175467	NA	"abundance"	64	40
"Actinocorallia"	"Reads"	"Reads"	"Reads"	3.14221895936196	0	1.36690095066151	0.0215168368864515	0.0718551208955544	0.0425706995033049	0.0914440308175467	NA	"prevalence"	64	53
"Methylocella"	"Soil"	"Rhizosphere Soil"	"SoilRhizosphere Soil"	4.25970779568631	0	1.85141483980348	0.0214037774527772	0.0718551208955544	0.0015162963354594	0.00776963523717151	NA	"prevalence"	64	59
"Plantactinospora"	"Soil"	"Rhizosphere Soil"	"SoilRhizosphere Soil"	3.06259092387648	0	1.33853039976318	0.0221360693690508	0.0736489784615148	0.0221360693690508	0.0579832861831107	NA	"prevalence"	64	13
"Lautropia"	"Soil"	"Rhizosphere Soil"	"SoilRhizosphere Soil"	1.74085218869865	0	0.762096545791186	0.0223542874402833	0.0741440341187037	0.00542256823848132	0.0200806520452256	NA	"prevalence"	64	53
"Actinomadura"	"Soil"	"Rhizosphere Soil"	"SoilRhizosphere Soil"	-1.26330675819418	0.361621063769622	0.615496573216133	0.0227478008689115	0.0749834917530788	0.0449781392934514	0.0951043788674786	NA	"abundance"	64	62
"Blastocatella"	"Reads"	"Reads"	"Reads"	-0.517972067724222	-0.0299366818476919	0.2052829554814	0.0226809152718421	0.0749834917530788	0.0226809152718421	0.0589703797067894	NA	"abundance"	64	64
"Flavisolibacter"	"Reads"	"Reads"	"Reads"	-0.420989304066546	-0.0299366818476919	0.163727765042644	0.0228792965512804	0.0751804786064906	0.0228792965512804	0.0590664086305753	NA	"abundance"	64	64
"Psychrobacillus"	"Reads"	"Reads"	"Reads"	0.688524075087636	-0.0299366818476919	0.305948447291526	0.0229483483386853	0.0751804786064906	0.0229483483386853	0.0590664086305753	NA	"abundance"	64	64
"Prosthecobacter"	"Soil"	"Rhizosphere Soil"	"SoilRhizosphere Soil"	2.58332731814328	0.361621063769622	0.85203702866636	0.0232440206245105	0.0759162508470251	0.0232440206245105	0.0595521988263006	NA	"abundance"	64	61
"Geodermatophilus"	"Soil"	"Rhizosphere Soil"	"SoilRhizosphere Soil"	-0.562089842640358	0.361621063769622	0.365097003744654	0.0234184167240797	0.0762526495771865	0.0234184167240797	0.0597742844006462	NA	"abundance"	64	64
"unidentified_marine_bacterioplankton"	"Soil"	"Rhizosphere Soil"	"SoilRhizosphere Soil"	1.55859036829993	0	0.692667484170637	0.024440833270622	0.0790994240394676	0.0482843122102817	0.100580377363851	NA	"prevalence"	64	21
"Acidobacteria_bacterium_Ellin7246"	"Reads"	"Reads"	"Reads"	-0.620134597749056	-0.0299366818476919	0.24959366214396	0.0249527739107229	0.079651661085421	0.0177643163197557	0.0490966537656239	NA	"abundance"	64	38
"Candidatus_Odyssella"	"Reads"	"Reads"	"Reads"	0.426806861065693	-0.0299366818476919	0.195220816296157	0.0250354538159383	0.079651661085421	0.0494441336841066	0.101788216557897	NA	"abundance"	64	60
"Ferruginibacter"	"Soil"	"Rhizosphere Soil"	"SoilRhizosphere Soil"	-1.02386790302	0.361621063769622	0.532228717274555	0.0250748580976794	0.079651661085421	0.0250748580976794	0.0629754206342529	NA	"abundance"	64	64
"Tumebacillus"	"Reads"	"Reads"	"Reads"	-0.831626120653813	-0.0299366818476919	0.345005090426122	0.0252081099689816	0.079651661085421	0.0252081099689816	0.0629754206342529	NA	"abundance"	64	54
"Candidatus_Entotheonella"	"Reads"	"Reads"	"Reads"	1.40942143296591	0	0.628915288353116	0.0250237812146847	0.079651661085421	0.0494213728030889	0.101788216557897	NA	"prevalence"	64	48
"Hirschia"	"Reads"	"Reads"	"Reads"	3.51830816926353	0	1.57179555949679	0.0251949410492999	0.079651661085421	0.0497550970441221	0.102128883406356	NA	"prevalence"	64	61
"Kaistia"	"Reads"	"Reads"	"Reads"	1.56399584654797	0	0.696707695912817	0.0247785402281452	0.079651661085421	0.0489431044004527	0.101651062985556	NA	"prevalence"	64	52
"SM1A02"	"Reads"	"Reads"	"Reads"	3.56287339807575	0	1.58930804697595	0.0249758221152906	0.079651661085421	0.0493278525402465	0.101788216557897	NA	"prevalence"	64	58
"Craurococcus"	"Reads"	"Reads"	"Reads"	1.55213045153732	0	0.694409947671977	0.025405607227117	0.0800389041845457	0.025405607227117	0.0632437456504829	NA	"prevalence"	64	22
"Reyranella"	"Soil"	"Rhizosphere Soil"	"SoilRhizosphere Soil"	0.950197132401689	0.361621063769622	0.213742992152626	0.0257697671180661	0.0809473861238077	0.0257697671180661	0.063698508862262	NA	"abundance"	64	64
"Candidatus_Amoebophilus"	"Reads"	"Reads"	"Reads"	1.20555195027338	0	0.541521422617218	0.025998691248578	0.0811888954780155	0.0513214505505171	0.10473156478623	NA	"prevalence"	64	13
"Lautropia"	"Reads"	"Reads"	"Reads"	1.62299547980606	0	0.728974273264573	0.0259867433835913	0.0811888954780155	0.00287033752457935	0.0128743197485075	NA	"prevalence"	64	53
"Aquibacter"	"Soil"	"Rhizosphere Soil"	"SoilRhizosphere Soil"	-1.62020123709326	0.361621063769622	0.802162161961336	0.0262815112854453	0.0818328106497249	0.0330527089430055	0.0760754153376717	NA	"abundance"	64	20
"Belnapia"	"Reads"	"Reads"	"Reads"	0.638292770354442	-0.0299366818476919	0.28962762681	0.0265655164467315	0.0818663459998563	0.0346970416021651	0.078968628129933	NA	"abundance"	64	50
"Pirellula"	"Soil"	"Rhizosphere Soil"	"SoilRhizosphere Soil"	1.47813356524904	0.361621063769622	0.468840499637099	0.0265347961013566	0.0818663459998563	0.0265347961013566	0.0646785654970568	NA	"abundance"	64	64
"Rhizobacter"	"Reads"	"Reads"	"Reads"	0.363509140260546	-0.0299366818476919	0.169297736089487	0.0264859314742645	0.0818663459998563	0.0264859314742645	0.0646785654970568	NA	"abundance"	64	64
"Umezawaea"	"Soil"	"Rhizosphere Soil"	"SoilRhizosphere Soil"	-1.37496125197867	0.361621063769622	0.707994179632476	0.0265988970617511	0.0818663459998563	0.00885776885947987	0.0281364422595243	NA	"abundance"	64	33
"Taibaiella"	"Reads"	"Reads"	"Reads"	1.61662493975001	0	0.729638438854419	0.0267153377226095	0.0819884502521464	0.0527169661755859	0.106649309092972	NA	"prevalence"	64	53
"Oligoflexus"	"Reads"	"Reads"	"Reads"	0.847454398686097	0	0.382888700930153	0.0268757394124139	0.0822443830729456	0.0268757394124139	0.0650578243707398	NA	"prevalence"	64	11
"Corallococcus"	"Reads"	"Reads"	"Reads"	1.80337172708121	0	0.816271299204756	0.0271551823879328	0.0828620994008922	0.0535729608453438	0.107759938433901	NA	"prevalence"	64	55
"Aureimonas"	"Reads"	"Reads"	"Reads"	0.554691636659733	-0.0299366818476919	0.254879869906057	0.0273955861237982	0.0833575099151465	0.0540406541085299	0.10808130821706	NA	"abundance"	64	54
"Rhizomicrobium"	"Reads"	"Reads"	"Reads"	0.240963124252295	-0.0299366818476919	0.115600728600325	0.028852446160246	0.0875409445998373	0.028852446160246	0.0693644424811394	NA	"abundance"	64	64
"Advenella"	"Soil"	"Rhizosphere Soil"	"SoilRhizosphere Soil"	1.66689934195482	0.361621063769622	0.557444178426106	0.0290351311660105	0.0878456659640204	0.000941232597809678	0.00524401018779678	NA	"abundance"	64	42
"Cellulomonas"	"Soil"	"Rhizosphere Soil"	"SoilRhizosphere Soil"	1.83200077331913	0.361621063769622	0.632730105377522	0.0292137049768282	0.0879203751002992	0.0292137049768282	0.069763262069554	NA	"abundance"	64	63
"Pedomicrobium"	"Soil"	"Rhizosphere Soil"	"SoilRhizosphere Soil"	-0.525275852759233	0.361621063769622	0.370141864566069	0.0293067917000997	0.0879203751002992	0.0293067917000997	0.069763262069554	NA	"abundance"	64	64
"Goodfellowiella"	"Reads"	"Reads"	"Reads"	1.91155356297409	0	0.877122178423725	0.0293059023115967	0.0879203751002992	0.0577529687128966	0.114527073549303	NA	"prevalence"	64	56
"Acidisoma"	"Soil"	"Rhizosphere Soil"	"SoilRhizosphere Soil"	2.00681493859492	0.361621063769622	0.717123908355438	0.0296540762390864	0.0882188117641902	0.0584287882405793	0.114893583599122	NA	"abundance"	64	62
"Bryocella"	"Reads"	"Reads"	"Reads"	1.70450953568821	0	0.783037768753277	0.0294961679162791	0.0882188117641902	0.0581223119108129	0.114893583599122	NA	"prevalence"	64	54
"Rhynchosporium_agropyri"	"Reads"	"Reads"	"Reads"	-0.768101494621629	0	0.353050549630919	0.029584183063795	0.0882188117641902	0.0582931422400378	0.114893583599122	NA	"prevalence"	64	29
"Kaistia"	"Soil"	"Rhizosphere Soil"	"SoilRhizosphere Soil"	1.73150253416162	0.361621063769622	0.600229156835671	0.0309802106331335	0.0919079582116294	0.0610006478153937	0.118621758355696	NA	"abundance"	64	52
"Procabacter"	"Soil"	"Rhizosphere Soil"	"SoilRhizosphere Soil"	1.99329425603363	0	0.926683750573847	0.0314764118934323	0.0931213515296004	0.0314764118934323	0.0736548038306317	NA	"prevalence"	64	14
"OM27_clade"	"Reads"	"Reads"	"Reads"	3.82310821208582	0	1.79359311585271	0.0330450137558976	0.0974919190367367	0.0649980545776678	0.125353390971217	NA	"prevalence"	64	62
"Candidatus_Captivus"	"Reads"	"Reads"	"Reads"	0.338271445533193	-0.0299366818476919	0.165253805950681	0.0331959156839675	0.0976673221776234	0.065289862549838	0.125493703473654	NA	"abundance"	64	60
"Candidatus_Alysiosphaera"	"Reads"	"Reads"	"Reads"	0.436750676561031	-0.0299366818476919	0.211638926733795	0.0334524038254816	0.0981515584769625	0.0657857443292601	0.125835401959511	NA	"abundance"	64	62
"Clostridium_sensu_stricto_13"	"Soil"	"Rhizosphere Soil"	"SoilRhizosphere Soil"	-2.71199765484437	0.361621063769622	0.570113272946236	0.0338423473419068	0.0990236355100177	0.0665393902102034	0.126434760921616	NA	"abundance"	64	62
"Azospira"	"Reads"	"Reads"	"Reads"	0.442987697549406	-0.0299366818476919	0.211846911280414	0.0341316092666508	0.0995971549092434	0.0033853334773551	0.0144030551582017	NA	"abundance"	64	39
"Flavitalea"	"Reads"	"Reads"	"Reads"	-0.457193427609426	-0.0299366818476919	0.194183959440625	0.0343338847302799	0.0999144111496972	0.0343338847302799	0.0785094041715194	NA	"abundance"	64	63
"Methylocella"	"Reads"	"Reads"	"Reads"	3.83922784971961	0	1.81642751008834	0.0345481910329529	0.100264858758678	0.0679028045622563	0.128139163448129	NA	"prevalence"	64	59
"Nitrolancea"	"Soil"	"Rhizosphere Soil"	"SoilRhizosphere Soil"	-0.777804642045151	0.361621063769622	0.361783880043062	0.0351022928363118	0.101596880079081	0.0351022928363118	0.0794897082938415	NA	"abundance"	64	64
"Catellatospora"	"Reads"	"Reads"	"Reads"	-0.493705742772525	-0.0299366818476919	0.210878877737922	0.0355827817421229	0.10247534836428	0.0698994291277383	0.130905633411448	NA	"abundance"	64	47
"Deinococcus"	"Reads"	"Reads"	"Reads"	3.60525327544166	0	1.7155675698105	0.0355977099654942	0.10247534836428	0.069928222976201	0.130905633411448	NA	"prevalence"	64	62
"Motilibacter"	"Reads"	"Reads"	"Reads"	0.471256631962083	-0.0299366818476919	0.231023150854192	0.0364837185202243	0.104743578977418	0.0716363753233857	0.133391871291822	NA	"abundance"	64	60
"Pilimelia"	"Soil"	"Rhizosphere Soil"	"SoilRhizosphere Soil"	-1.48177346498106	0.361621063769622	0.778460612137159	0.0371390701946601	0.105772071914392	0.0728988298543964	0.134317529023061	NA	"abundance"	64	16
"Intestinibacter"	"Reads"	"Reads"	"Reads"	1.7489959272614	0	0.838909305071451	0.0370833662913401	0.105772071914392	0.0727915565271825	0.134317529023061	NA	"prevalence"	64	55
"Spirosoma"	"Soil"	"Rhizosphere Soil"	"SoilRhizosphere Soil"	3.11006139030555	0	1.49141435720093	0.0370411631681917	0.105772071914392	0.0727102785675308	0.134317529023061	NA	"prevalence"	64	59
"Granulicella"	"Soil"	"Rhizosphere Soil"	"SoilRhizosphere Soil"	1.61159053249214	0.361621063769622	0.54743743164983	0.0375285189683824	0.106596963452746	0.0375285189683824	0.0839013385853644	NA	"abundance"	64	64
"Klebsiella"	"Soil"	"Rhizosphere Soil"	"SoilRhizosphere Soil"	-2.99732144582556	0.361621063769622	1.5158503894301	0.0380011189385529	0.107575544976398	0.0745581528365237	0.136559684207163	NA	"abundance"	64	25
"Terrabacter"	"Soil"	"Rhizosphere Soil"	"SoilRhizosphere Soil"	3.69662950098271	0	1.78232256057512	0.0380744906377139	0.107575544976398	0.0746993144381064	0.136559684207163	NA	"prevalence"	64	59
"Iamia"	"Reads"	"Reads"	"Reads"	0.135716002361911	-0.0299366818476919	0.0694967994938929	0.0383639539556432	0.108107395315638	0.0383639539556432	0.0854968116725764	NA	"abundance"	64	64
"Ferrovibrio"	"Reads"	"Reads"	"Reads"	1.06603438201422	0	0.515136050784019	0.0385064118030155	0.108223283699001	0.0755300798560875	0.13771978197136	NA	"prevalence"	64	37
"Acidicapsa"	"Reads"	"Reads"	"Reads"	0.521176473712681	-0.0299366818476919	0.257335849573188	0.0386102149078123	0.108230208717962	0.00940383551597844	0.0296031055256362	NA	"abundance"	64	58
"Motilibacter"	"Reads"	"Reads"	"Reads"	8.57565412912914	0	4.14881019299062	0.0387327126654661	0.108289364206067	0.0716363753233857	0.133391871291822	NA	"prevalence"	64	60
"Candidatus_Captivus"	"Reads"	"Reads"	"Reads"	2.51105819216812	0	1.22205387796665	0.0398997586928189	0.111260945911046	0.065289862549838	0.125493703473654	NA	"prevalence"	64	60
"Mycobacterium"	"Soil"	"Rhizosphere Soil"	"SoilRhizosphere Soil"	-1.73177370296611	0.361621063769622	0.371959118537988	0.0401658732746053	0.111536555908951	0.0401658732746053	0.0879303468955636	NA	"abundance"	64	64
"Paenibacillus"	"Soil"	"Rhizosphere Soil"	"SoilRhizosphere Soil"	-0.900933809564997	0.361621063769622	0.573766767712781	0.0402074663154927	0.111536555908951	0.0402074663154927	0.0879303468955636	NA	"abundance"	64	64
"Coprothermobacter"	"Reads"	"Reads"	"Reads"	-0.562763002303503	-0.0299366818476919	0.24773592733025	0.0405460874307607	0.112184511336923	0.0794481896555784	0.143743889531485	NA	"abundance"	64	38
"Leptothrix"	"Reads"	"Reads"	"Reads"	1.00456685603613	0	0.491891997792382	0.0411266536822712	0.113496811712314	0.080561905721441	0.145384210325068	NA	"prevalence"	64	25
"Hymenobacter"	"Soil"	"Rhizosphere Soil"	"SoilRhizosphere Soil"	-1.30962759558176	0.361621063769622	0.473465751768082	0.0415807439537762	0.114454212738745	0.0415807439537762	0.0898144069401567	NA	"abundance"	64	63
"Penicillium_digitatum_PHI26"	"Soil"	"Rhizosphere Soil"	"SoilRhizosphere Soil"	-1.20093862870925	0.361621063769622	0.69204821741462	0.0424901235610939	0.116656688851538	0.0831748365219508	0.149714705739512	NA	"abundance"	64	18
"Bryocella"	"Soil"	"Rhizosphere Soil"	"SoilRhizosphere Soil"	1.77200145052334	0.361621063769622	0.663176594446003	0.0426871966905181	0.116897246321726	0.00509790191700895	0.0194496040529363	NA	"abundance"	64	54
"Blastococcus"	"Soil"	"Rhizosphere Soil"	"SoilRhizosphere Soil"	-0.463794262339905	0.361621063769622	0.370063205612196	0.0432242909056659	0.117993922333301	0.0432242909056659	0.0925105250481019	NA	"abundance"	64	64
"Effusibacillus"	"Reads"	"Reads"	"Reads"	-1.61886258838158	0	0.801131082678319	0.0433086306691518	0.117993922333301	0.0847416238478665	0.152144808033766	NA	"prevalence"	64	10
"Conexibacter"	"Reads"	"Reads"	"Reads"	0.492004374940282	-0.0299366818476919	0.250983690632298	0.0437702736387677	0.118948224545048	0.0437702736387677	0.0933943224754253	NA	"abundance"	64	63
"Nitrospira"	"Reads"	"Reads"	"Reads"	4.41400002320682	0	2.19204907741133	0.0440472324757178	0.119397066710829	0.0861543062626657	0.1542865382561	NA	"prevalence"	64	62
"Candidatus_Protochlamydia"	"Reads"	"Reads"	"Reads"	-0.462660210123269	-0.0299366818476919	0.20745934496569	0.0442392417271451	0.119613949783775	0.0442392417271451	0.0941089324013813	NA	"abundance"	64	64
"Elstera"	"Reads"	"Reads"	"Reads"	0.311732677367416	-0.0299366818476919	0.163106189495203	0.0447690557319383	0.120562430493082	0.0447690557319383	0.0949482692562558	NA	"abundance"	64	63
"Ammoniphilus"	"Soil"	"Rhizosphere Soil"	"SoilRhizosphere Soil"	-1.18784294221668	0	0.592033133473793	0.044815809836848	0.120562430493082	0.0876231628623634	0.156517710761779	NA	"prevalence"	64	21
"Rugosimonospora"	"Reads"	"Reads"	"Reads"	2.53131707965994	0	1.26248679697569	0.0449604176712836	0.120647552947063	0.087899396185391	0.156601507456088	NA	"prevalence"	64	56
"Dactylosporangium"	"Soil"	"Rhizosphere Soil"	"SoilRhizosphere Soil"	-0.458768599803116	0.361621063769622	0.375463953636863	0.0453390038063447	0.121358536504201	0.0453390038063447	0.0955795215376995	NA	"abundance"	64	64
"Janthinobacterium"	"Reads"	"Reads"	"Reads"	4.31238300665328	0	2.16256066711575	0.0461400773497598	0.123194006523859	0.0901512479616777	0.158611970097989	NA	"prevalence"	64	62
"Chryseolinea"	"Reads"	"Reads"	"Reads"	-0.706415112659418	-0.0299366818476919	0.329959037223024	0.0464273188945048	0.123651811918531	0.0906991418492776	0.159176993945482	NA	"abundance"	64	55
"Streptomyces"	"Soil"	"Rhizosphere Soil"	"SoilRhizosphere Soil"	1.29379505960744	0.361621063769622	0.33835906539158	0.0469029866106369	0.124052585757778	0.0469029866106369	0.0985805287445123	NA	"abundance"	64	64
"Bauldia"	"Reads"	"Reads"	"Reads"	0.239156477399459	-0.0299366818476919	0.127245196967747	0.0470926234184824	0.124184992125776	0.0470926234184824	0.0986836466858945	NA	"abundance"	64	64
"Rhodovarius"	"Reads"	"Reads"	"Reads"	0.877095769746087	-0.0299366818476919	0.415622790557061	0.0472829896321376	0.124379884056953	0.0923302981557223	0.16123350573462	NA	"abundance"	64	17
"Microcoleus"	"Reads"	"Reads"	"Reads"	1.20718310603343	-0.0299366818476919	0.597906936162293	0.0476618557885211	0.125068456958576	0.0930520590798364	0.161689468995161	NA	"abundance"	64	33
"Panacagrimonas"	"Reads"	"Reads"	"Reads"	0.709436515654222	0	0.358511982022855	0.0478344426836872	0.125213688201416	0.0933807514605154	0.161859969198227	NA	"prevalence"	64	16
"Emticicia"	"Soil"	"Rhizosphere Soil"	"SoilRhizosphere Soil"	1.16921483605485	0	0.591527586723975	0.0480865928699568	0.12556596866776	0.0480865928699568	0.100466631531874	NA	"prevalence"	64	33
"Chlorochromatium"	"Soil"	"Rhizosphere Soil"	"SoilRhizosphere Soil"	-0.627283194813021	0.361621063769622	0.466491979928046	0.0482058507083018	0.125570362332845	0.0940878973740925	0.162284284905683	NA	"abundance"	64	50
"Effusibacillus"	"Reads"	"Reads"	"Reads"	-3.00043536258302	-0.0299366818476919	1.24478423405351	0.0485235514011521	0.12609039634168	0.0847416238478665	0.152144808033766	NA	"abundance"	64	10
"Clostridium_sensu_stricto_13"	"Reads"	"Reads"	"Reads"	2.98625439170255	0	1.52639962361793	0.050417576523508	0.130694106133754	0.0982932210245122	0.168708658090972	NA	"prevalence"	64	62
"Gemmata"	"Reads"	"Reads"	"Reads"	-0.309701587565436	-0.0299366818476919	0.135788070569503	0.0507878193718631	0.131335087382929	0.0507878193718631	0.103944749851452	NA	"abundance"	64	64
"Acidicapsa"	"Soil"	"Rhizosphere Soil"	"SoilRhizosphere Soil"	2.61652857325914	0	1.3427359402403	0.0513366863667613	0.132433770627297	0.100037917366403	0.170867683676923	NA	"prevalence"	64	58
"Panacagrimonas"	"Soil"	"Rhizosphere Soil"	"SoilRhizosphere Soil"	-1.45902734587481	0.361621063769622	0.840719012064226	0.0522264388258497	0.134404425701223	0.101725276739269	0.172908339639145	NA	"abundance"	64	16
"Anaeromyxobacter"	"Reads"	"Reads"	"Reads"	0.409566046197635	-0.0299366818476919	0.219777774579841	0.052597176650555	0.134709315738112	0.052597176650555	0.106649309092972	NA	"abundance"	64	64
"Dokdonella"	"Soil"	"Rhizosphere Soil"	"SoilRhizosphere Soil"	1.23382329829373	0.361621063769622	0.41687112038869	0.0525303000123436	0.134709315738112	0.0525303000123436	0.106649309092972	NA	"abundance"	64	64
"Alkanindiges"	"Reads"	"Reads"	"Reads"	1.12471549388793	0	0.582663399685607	0.053569606185777	0.136871625374186	0.053569606185777	0.107759938433901	NA	"prevalence"	64	22
"Emticicia"	"Reads"	"Reads"	"Reads"	0.635869519642316	0	0.329974726830284	0.0539765251142319	0.137582169026252	0.0539765251142319	0.10808130821706	NA	"prevalence"	64	33
"Pir4_lineage"	"Reads"	"Reads"	"Reads"	-0.42393320206214	-0.0299366818476919	0.197346213476484	0.054246511353731	0.137613477733455	0.105550338713412	0.177689059416822	NA	"abundance"	64	63
"Larkinella"	"Reads"	"Reads"	"Reads"	0.92814139296316	0	0.481945329883379	0.0541264806491443	0.137613477733455	0.105323285390826	0.177689059416822	NA	"prevalence"	64	51
"Candidatus_Koribacter"	"Reads"	"Reads"	"Reads"	0.275850146810308	-0.0299366818476919	0.152328965746827	0.0551581494275524	0.139594558266886	0.0551581494275524	0.110002900278812	NA	"abundance"	64	63
"Endobacter"	"Soil"	"Rhizosphere Soil"	"SoilRhizosphere Soil"	-1.10625404579207	0	0.577640263374676	0.0554764017310381	0.140068078129429	0.107875172313053	0.18116835158795	NA	"prevalence"	64	30
"Talaromyces_phialosporus"	"Soil"	"Rhizosphere Soil"	"SoilRhizosphere Soil"	-1.79495995130181	0.361621063769622	0.744761493659699	0.0560418336809569	0.141100707467948	0.0357134663371259	0.0804878422281353	NA	"abundance"	64	29
"Bacteriovorax"	"Soil"	"Rhizosphere Soil"	"SoilRhizosphere Soil"	1.45948648481556	0	0.76418004449979	0.0561496260991365	0.141100707467948	0.1091464716872	0.182430531248606	NA	"prevalence"	64	47
"Uliginosibacterium"	"Reads"	"Reads"	"Reads"	1.2053881011461	0	0.63310467772717	0.0569190725826711	0.142364331424573	0.110598364341671	0.183981165326666	NA	"prevalence"	64	55
"Duganella"	"Reads"	"Reads"	"Reads"	-0.52453941677658	-0.0299366818476919	0.25307811158453	0.0572882303397825	0.142619650356382	0.0572882303397825	0.113927302262117	NA	"abundance"	64	64
"Salinibacterium"	"Reads"	"Reads"	"Reads"	2.29567101639729	0	1.20701597099392	0.0571791008297182	0.142619650356382	0.111088752087741	0.184360056656252	NA	"prevalence"	64	61
"Dyadobacter"	"Reads"	"Reads"	"Reads"	-0.547360336753512	-0.0299366818476919	0.266091226555262	0.0586285511222882	0.145616959531637	0.113819795237878	0.188446925134411	NA	"abundance"	64	60
"bacterium_enrichment_culture_clone_heteroC45_4W"	"Soil"	"Rhizosphere Soil"	"SoilRhizosphere Soil"	-1.49784589002763	0.361621063769622	0.916251119279376	0.0588780605690266	0.145741463370766	0.00041426138818544	0.00282341256802115	NA	"abundance"	64	29
"Tahibacter"	"Reads"	"Reads"	"Reads"	1.40647459400839	0	0.744736197277363	0.0589516031612087	0.145741463370766	0.114427914807141	0.189007991046148	NA	"prevalence"	64	56
"Actinoplanes"	"Reads"	"Reads"	"Reads"	0.22066977287781	-0.0299366818476919	0.125550093148357	0.0593706200935279	0.145757411198341	0.0593706200935279	0.116201992950575	NA	"abundance"	64	64
"Blastococcus"	"Reads"	"Reads"	"Reads"	0.221582258239752	-0.0299366818476919	0.12660594711048	0.0594252357111914	0.145757411198341	0.0594252357111914	0.116201992950575	NA	"abundance"	64	64
"Sediminibacterium"	"Reads"	"Reads"	"Reads"	-0.489886345739237	-0.0299366818476919	0.235946136942146	0.0592765321331531	0.145757411198341	0.115039357004574	0.189571898162466	NA	"abundance"	64	57
"Endobacter"	"Reads"	"Reads"	"Reads"	0.800419128316061	0	0.424749180725137	0.0595039618749782	0.145757411198341	0.115467202271138	0.189831325513673	NA	"prevalence"	64	30
"Luteibacter"	"Reads"	"Reads"	"Reads"	0.342815667476229	-0.0299366818476919	0.191707618144781	0.0608147761661546	0.148288084350349	0.0608147761661546	0.118588813524001	NA	"abundance"	64	64
"Prosthecobacter"	"Reads"	"Reads"	"Reads"	2.22803083692261	0	1.19086446739737	0.0613539950388178	0.149262110937261	0.118943677370412	0.194635108424311	NA	"prevalence"	64	61
"Lysinimonas"	"Reads"	"Reads"	"Reads"	-0.333077785867908	-0.0299366818476919	0.155350377029905	0.061857208641378	0.149852968317438	0.061857208641378	0.119955139409523	NA	"abundance"	64	64
"Goodfellowiella"	"Soil"	"Rhizosphere Soil"	"SoilRhizosphere Soil"	1.59855051051391	0	0.856134305568634	0.0618774897265826	0.149852968317438	0.119926155718302	0.195786421661042	NA	"prevalence"	64	56
"Methylorosula"	"Reads"	"Reads"	"Reads"	1.03354266099821	0	0.554379529739606	0.0622763200653829	0.150137945439795	0.12067430008988	0.196095737646055	NA	"prevalence"	64	55
"Schlesneria"	"Reads"	"Reads"	"Reads"	2.90109554478227	0	1.55552669809036	0.0621779573030306	0.150137945439795	0.120489816231684	0.196095737646055	NA	"prevalence"	64	58
"Acidothermus"	"Reads"	"Reads"	"Reads"	0.360068340206227	-0.0299366818476919	0.202983099114463	0.0627331045181889	0.150673201947053	0.0627331045181889	0.121318565762448	NA	"abundance"	64	64
"Sphingopyxis"	"Reads"	"Reads"	"Reads"	3.04505469765979	0	1.63647261218891	0.062780500811272	0.150673201947053	0.12161961034043	0.197175442168549	NA	"prevalence"	64	59
"Micromonospora"	"Soil"	"Rhizosphere Soil"	"SoilRhizosphere Soil"	-2.51546210598905	0	1.36038627325548	0.0644463620495867	0.154324472351925	0.00519900002817874	0.019629870554776	NA	"prevalence"	64	53
"Verrucomicrobium"	"Reads"	"Reads"	"Reads"	0.591462520629944	0	0.321042212009569	0.0654283411272897	0.156325432492048	0.0654283411272897	0.125493703473654	NA	"prevalence"	64	27
"Geminicoccus"	"Reads"	"Reads"	"Reads"	0.410446476712535	-0.0299366818476919	0.231541928025267	0.0659182947960514	0.15660362200828	0.0308892521352851	0.073010959592492	NA	"abundance"	64	50
"Leifsonia"	"Reads"	"Reads"	"Reads"	0.237844355856401	-0.0299366818476919	0.138819411550092	0.0662779374042534	0.15660362200828	0.128163109821945	0.20588215811214	NA	"abundance"	64	62
"Variovorax"	"Reads"	"Reads"	"Reads"	0.22553296585206	-0.0299366818476919	0.131914869329198	0.0660834841174771	0.15660362200828	0.0660834841174771	0.126061428941492	NA	"abundance"	64	64
"Lapillicoccus"	"Reads"	"Reads"	"Reads"	1.16101720665188	0	0.631588996447959	0.0660258703710701	0.15660362200828	0.127692325183883	0.20588215811214	NA	"prevalence"	64	43
"Staphylococcus"	"Reads"	"Reads"	"Reads"	0.726329503666524	0	0.395470211529096	0.0662656377443055	0.15660362200828	0.128140140742952	0.20588215811214	NA	"prevalence"	64	17
"Acidiphilium"	"Reads"	"Reads"	"Reads"	0.212880446261618	-0.0299366818476919	0.125199165655683	0.0666394039045555	0.157110117814714	0.0666394039045555	0.126434760921616	NA	"abundance"	64	64
"Aquipuribacter"	"Soil"	"Rhizosphere Soil"	"SoilRhizosphere Soil"	1.61830687753572	0	0.884200326877539	0.0672126945421994	0.15811268231513	0.129907842776776	0.20820846034086	NA	"prevalence"	64	13
"Steroidobacter"	"Reads"	"Reads"	"Reads"	0.257480560935831	-0.0299366818476919	0.150245228170288	0.0676558318132799	0.158805337091391	0.0676558318132799	0.128017234320546	NA	"abundance"	64	63
"Rhodobacter"	"Reads"	"Reads"	"Reads"	0.729142435732043	0	0.399469638130865	0.0679593550750691	0.159167963202136	0.131300236207919	0.209330490124309	NA	"prevalence"	64	18
"Candidatus_Entotheonella"	"Reads"	"Reads"	"Reads"	-0.808163991359408	-0.0299366818476919	0.415372118242102	0.0681873447772386	0.159279069076287	0.0494213728030889	0.101788216557897	NA	"abundance"	64	48
"Terriglobus"	"Reads"	"Reads"	"Reads"	0.477969022778021	-0.0299366818476919	0.271016134078674	0.0683121627688984	0.159279069076287	0.0158008121515534	0.0453784904966749	NA	"abundance"	64	60
"Dyella"	"Soil"	"Rhizosphere Soil"	"SoilRhizosphere Soil"	1.36427823955203	0	0.748778482604112	0.0684542066535728	0.159279069076287	0.0684542066535728	0.128833386248815	NA	"prevalence"	64	17
"Pantoea"	"Reads"	"Reads"	"Reads"	1.07191463652021	0	0.58897957628034	0.06876629461241	0.159657397056639	0.132803785950099	0.210447534394965	NA	"prevalence"	64	55
"Uliginosibacterium"	"Soil"	"Rhizosphere Soil"	"SoilRhizosphere Soil"	1.5702559519762	0.361621063769622	0.638489591044309	0.0700461865499521	0.162276197907481	0.015654117135611	0.0452230050584317	NA	"abundance"	64	55
"Polynucleobacter"	"Reads"	"Reads"	"Reads"	-0.477921142250373	-0.0299366818476919	0.231657973794377	0.0706687316748336	0.16336408101455	0.136343393713138	0.215569960330231	NA	"abundance"	64	23
"Marmoricola"	"Reads"	"Reads"	"Reads"	0.195980750110984	-0.0299366818476919	0.118467821727207	0.0714627829528626	0.164842877308115	0.0714627829528626	0.133391871291822	NA	"abundance"	64	64
"Lysinibacillus"	"Reads"	"Reads"	"Reads"	0.54967638102906	-0.0299366818476919	0.315075473837379	0.0721340536832555	0.166032692529562	0.0721340536832555	0.133963242554617	NA	"abundance"	64	64
"Endobacter"	"Reads"	"Reads"	"Reads"	0.57432065259976	-0.0299366818476919	0.321839742248883	0.0725480508867401	0.166286648983319	0.115467202271138	0.189831325513673	NA	"abundance"	64	30
"Brevundimonas"	"Reads"	"Reads"	"Reads"	2.73594798566357	0	1.52368305174253	0.0725557850432832	0.166286648983319	0.139847228143319	0.220118282862355	NA	"prevalence"	64	61
"Undibacterium"	"Soil"	"Rhizosphere Soil"	"SoilRhizosphere Soil"	1.420954284121	0	0.794112427536519	0.0735565993337515	0.168219374921727	0.141702625361957	0.222042953134138	NA	"prevalence"	64	15
"Terrabacter"	"Reads"	"Reads"	"Reads"	3.06641434040855	0	1.71626598576363	0.0739895787219823	0.168848012980934	0.142504699684508	0.222802448059075	NA	"prevalence"	64	59
"Oryzihumus"	"Soil"	"Rhizosphere Soil"	"SoilRhizosphere Soil"	-2.93870016880275	0.361621063769622	0.4714324389768	0.0743209679681001	0.168934431833309	0.143118329656485	0.223264594264116	NA	"abundance"	64	58
"Incertae_Sedis"	"Reads"	"Reads"	"Reads"	0.567058205294184	0	0.317770157820593	0.0743438042712128	0.168934431833309	0.0743438042712128	0.136559684207163	NA	"prevalence"	64	34
"Cohnella"	"Soil"	"Rhizosphere Soil"	"SoilRhizosphere Soil"	-0.933693627281745	0.361621063769622	0.698985490702448	0.0749047954694139	0.169847816478416	0.144198862554513	0.224451444597047	NA	"abundance"	64	62
"Agaricicola"	"Reads"	"Reads"	"Reads"	2.27902264969742	0	1.28042635701947	0.075093378931559	0.169914679446833	8.0520878348316e-05	0.000706570707506473	NA	"prevalence"	64	60
"Legionella"	"Soil"	"Rhizosphere Soil"	"SoilRhizosphere Soil"	1.36650917334485	0.361621063769622	0.469241714093058	0.0761813544799062	0.172012022377463	0.0761813544799062	0.138547437422006	NA	"abundance"	64	64
"Geminicoccus"	"Soil"	"Rhizosphere Soil"	"SoilRhizosphere Soil"	-1.59554465521756	0	0.900364043758657	0.0763762016650794	0.172088150587141	0.146919079149374	0.227675923979825	NA	"prevalence"	64	50
"Paucimonas"	"Reads"	"Reads"	"Reads"	0.491071059446829	-0.0299366818476919	0.288216510167438	0.0776500983727441	0.174590115920191	0.149270658968191	0.229798251306295	NA	"abundance"	64	62
"Gaiella"	"Reads"	"Reads"	"Reads"	-0.35315607687818	-0.0299366818476919	0.177249528880421	0.078796097697333	0.176423967171387	0.078796097697333	0.142932456288185	NA	"abundance"	64	64
"Pir4_lineage"	"Soil"	"Rhizosphere Soil"	"SoilRhizosphere Soil"	-0.927254166897302	0.361621063769622	0.481983511458306	0.0793897428531516	0.177381266458506	0.152476754436014	0.23422030987764	NA	"abundance"	64	63
"Alsobacter"	"Reads"	"Reads"	"Reads"	1.14357620063853	0	0.652933013602477	0.079869303536134	0.17780069255549	0.153359501424921	0.235061943232084	NA	"prevalence"	64	57
"Neochlamydia"	"Reads"	"Reads"	"Reads"	0.549495393124303	0	0.313781118414802	0.0799104236204451	0.17780069255549	0.0203436809346893	0.0540956970308784	NA	"prevalence"	64	25
"Acidisoma"	"Reads"	"Reads"	"Reads"	2.82396167688598	0	1.61555798819695	0.0804676380806144	0.177928441967073	0.0243386755682811	0.0614595332695442	NA	"prevalence"	64	62
"Aureimonas"	"Soil"	"Rhizosphere Soil"	"SoilRhizosphere Soil"	1.29141681549004	0	0.738056113229751	0.0801607294057221	0.177928441967073	0.153895716272587	0.235369919005133	NA	"prevalence"	64	54
"Nitratireductor"	"Reads"	"Reads"	"Reads"	2.82396167688598	0	1.61555798819695	0.0804676380806144	0.177928441967073	0.154460235382956	0.235719750519207	NA	"prevalence"	64	62
"Chitinophaga"	"Reads"	"Reads"	"Reads"	2.43876940689219	0	1.39946535835271	0.0813958820084708	0.179609095010427	0.156166474409005	0.237291915660436	NA	"prevalence"	64	62
"Bordetella"	"Reads"	"Reads"	"Reads"	0.574877742906132	0	0.330791792173074	0.0822312661683357	0.181078334572748	0.157700551201024	0.238590058067066	NA	"prevalence"	64	39
"Nevskia"	"Reads"	"Reads"	"Reads"	0.485742415083305	-0.0299366818476919	0.290631246752796	0.0845020313307469	0.185219492726174	0.0107461305632176	0.0330867704183279	NA	"abundance"	64	47
"Aureimonas"	"Reads"	"Reads"	"Reads"	0.967554688603954	0	0.561090066052486	0.0846321277625217	0.185219492726174	0.0540406541085299	0.10808130821706	NA	"prevalence"	64	54
"Alkanibacter"	"Reads"	"Reads"	"Reads"	1.20343863952326	0	0.699425315481585	0.0853215014569528	0.186346346740339	0.163363244303037	0.246096561160369	NA	"prevalence"	64	53
"Panacagrimonas"	"Soil"	"Rhizosphere Soil"	"SoilRhizosphere Soil"	-1.22294704681361	0	0.712507749642331	0.0860891786562506	0.187639271030358	0.101725276739269	0.172908339639145	NA	"prevalence"	64	16
"Rudaea"	"Reads"	"Reads"	"Reads"	-0.516958057633033	-0.0299366818476919	0.276040600843341	0.0863291804768781	0.187704722770042	0.165205633551947	0.247667164783548	NA	"abundance"	64	47
"Zavarzinella"	"Reads"	"Reads"	"Reads"	4.25769413951579	0	2.48361110691764	0.0864707149839521	0.187704722770042	0.165464245418068	0.247667164783548	NA	"prevalence"	64	62
"Polaromonas"	"Reads"	"Reads"	"Reads"	0.417802928635961	-0.0299366818476919	0.256444657372618	0.0885623909687565	0.191029569660935	0.0885623909687565	0.156601507456088	NA	"abundance"	64	63
"Salinibacterium"	"Soil"	"Rhizosphere Soil"	"SoilRhizosphere Soil"	1.86459535150787	0.361621063769622	0.84999710439423	0.0885306210972403	0.191029569660935	0.0885306210972403	0.156601507456088	NA	"abundance"	64	61
"Sporocytophaga"	"Reads"	"Reads"	"Reads"	-0.27822333359417	-0.0299366818476919	0.139224810239882	0.088717852576614	0.191029569660935	0.169564847787422	0.253264942865469	NA	"abundance"	64	63
"Paracocccus"	"Reads"	"Reads"	"Reads"	0.92577673364198	0	0.543319585526637	0.0883947872226512	0.191029569660935	0.0883947872226512	0.156601507456088	NA	"prevalence"	64	16
"Chthoniobacter"	"Reads"	"Reads"	"Reads"	0.138145946302718	-0.0299366818476919	0.0907324271967907	0.0889380979571306	0.191076852175997	0.0889380979571306	0.156870715492225	NA	"abundance"	64	64
"Fluviicola"	"Reads"	"Reads"	"Reads"	-0.475490934666168	-0.0299366818476919	0.254053180188765	0.0892765442282984	0.191076852175997	0.170582787107249	0.254244408809531	NA	"abundance"	64	47
"Rugosimonospora"	"Reads"	"Reads"	"Reads"	-0.555856617368324	-0.0299366818476919	0.302017406870299	0.0892255935447176	0.191076852175997	0.087899396185391	0.156601507456088	NA	"abundance"	64	56
"Hansschlegelia"	"Reads"	"Reads"	"Reads"	0.324728048797349	-0.0299366818476919	0.195525088439605	0.0897306194645905	0.191282039098169	0.0412152893873944	0.0898144069401567	NA	"abundance"	64	22
"Pedosphaera"	"Reads"	"Reads"	"Reads"	-0.460086918522603	-0.0299366818476919	0.246789599364101	0.0895939315250868	0.191282039098169	0.171160790484052	0.254565412965687	NA	"abundance"	64	59
"Intestinibacter"	"Soil"	"Rhizosphere Soil"	"SoilRhizosphere Soil"	1.89505668880484	0.361621063769622	0.766009538796191	0.0901386906344602	0.191769166529091	0.00491563797913814	0.0191709881186387	NA	"abundance"	64	55
"Rhodanobacter"	"Reads"	"Reads"	"Reads"	-0.366149388602651	-0.0299366818476919	0.192816851736944	0.0912543646096804	0.193372344053847	0.0912543646096804	0.159752029815451	NA	"abundance"	64	64
"Actinophytocola"	"Soil"	"Rhizosphere Soil"	"SoilRhizosphere Soil"	1.96936414816173	0	1.16606748790936	0.0912397840580261	0.193372344053847	0.174154869921097	0.25847086402666	NA	"prevalence"	64	59
"Sediminibacterium"	"Soil"	"Rhizosphere Soil"	"SoilRhizosphere Soil"	2.01128229621071	0	1.19167377310543	0.0914536075103853	0.193410797665528	0.174543452694107	0.258501062850766	NA	"prevalence"	64	57
"Goodfellowiella"	"Reads"	"Reads"	"Reads"	0.574198463535632	-0.0299366818476919	0.350138311554468	0.0919004494335122	0.193971699594844	0.0577529687128966	0.114527073549303	NA	"abundance"	64	56
"Nevskia"	"Soil"	"Rhizosphere Soil"	"SoilRhizosphere Soil"	1.16332233219304	0	0.691350009059194	0.0924366355286169	0.194718593184542	0.176328739469384	0.260047846864511	NA	"prevalence"	64	47
"Lapillicoccus"	"Reads"	"Reads"	"Reads"	0.353881093720353	-0.0299366818476919	0.220694768602806	0.0928834047814312	0.194916196131525	0.127692325183883	0.20588215811214	NA	"abundance"	64	43
"Rhizobium"	"Reads"	"Reads"	"Reads"	-0.25457151239083	-0.0299366818476919	0.126875780794394	0.0929435853911711	0.194916196131525	0.0929435853911711	0.161689468995161	NA	"abundance"	64	64
"Pilimelia"	"Soil"	"Rhizosphere Soil"	"SoilRhizosphere Soil"	-1.81190172144444	0	1.08044878645892	0.0935444534312295	0.195509738286797	0.0728988298543964	0.134317529023061	NA	"prevalence"	64	16
"Bdellovibrio"	"Reads"	"Reads"	"Reads"	-0.21357706543574	-0.0299366818476919	0.101889439498235	0.0939583073408597	0.195609107680386	0.0939583073408597	0.162284284905683	NA	"abundance"	64	64
"Polycyclovorans"	"Soil"	"Rhizosphere Soil"	"SoilRhizosphere Soil"	0.957148227582757	0	0.571473568949027	0.0939582672799504	0.195609107680386	0.00836472239645944	0.0269359409280483	NA	"prevalence"	64	40
"Alsobacter"	"Reads"	"Reads"	"Reads"	0.545384537776449	-0.0299366818476919	0.33640655499218	0.0943156046037024	0.19597094497423	0.153359501424921	0.235061943232084	NA	"abundance"	64	57
"Taibaiella"	"Soil"	"Rhizosphere Soil"	"SoilRhizosphere Soil"	1.21178335722356	0	0.731556154639232	0.097631506909871	0.202466891999499	0.18573110267825	0.271067014719608	NA	"prevalence"	64	53
"Terrimonas"	"Soil"	"Rhizosphere Soil"	"SoilRhizosphere Soil"	-1.02006826043575	0.361621063769622	0.779958647130992	0.0980471324547129	0.202934762522545	0.0980471324547129	0.168698742605903	NA	"abundance"	64	62
"Haliangium"	"Reads"	"Reads"	"Reads"	0.276672296853595	-0.0299366818476919	0.179626542455148	0.0991566409998027	0.204834221639824	0.0991566409998027	0.16977551702893	NA	"abundance"	64	64
"Planctomyces"	"Reads"	"Reads"	"Reads"	-0.288687242625852	-0.0299366818476919	0.150918128277765	0.100651793096401	0.207521457580996	0.100651793096401	0.17149892901377	NA	"abundance"	64	64
"Aneurinibacillus"	"Reads"	"Reads"	"Reads"	-0.769098982971452	0	0.469394480191851	0.101319153782361	0.208494906049251	0.192372736641548	0.280177720170885	NA	"prevalence"	64	18
"Motilibacter"	"Soil"	"Rhizosphere Soil"	"SoilRhizosphere Soil"	5.11752221758569	0	3.13464660910831	0.102559988560432	0.210642438043348	0.194601425867348	0.282836854987325	NA	"prevalence"	64	60
"Chthoniobacter"	"Soil"	"Rhizosphere Soil"	"SoilRhizosphere Soil"	0.742819705811328	0.361621063769622	0.181464854393581	0.104583841246346	0.214373118071848	0.104583841246346	0.177238714134561	NA	"abundance"	64	64
"Segetibacter"	"Soil"	"Rhizosphere Soil"	"SoilRhizosphere Soil"	1.72774205487239	0.361621063769622	0.784242177488223	0.104777872316015	0.214373118071848	0.104777872316015	0.177238714134561	NA	"abundance"	64	63
"Chelatococcus_sp._P-102"	"Soil"	"Rhizosphere Soil"	"SoilRhizosphere Soil"	-1.51191768080125	0.361621063769622	0.723065835357471	0.105587213125017	0.215615953379577	0.0190745919223817	0.051700245287691	NA	"abundance"	64	33
"Acinetobacter"	"Reads"	"Reads"	"Reads"	0.816270310239653	0	0.504693458140751	0.105800894487798	0.215639991055283	0.200407959701177	0.290075026206653	NA	"prevalence"	64	56
"Acinetobacter"	"Soil"	"Rhizosphere Soil"	"SoilRhizosphere Soil"	3.05245830461619	0.361621063769622	0.918755426973079	0.106699638351971	0.216354383245618	0.202014463879501	0.290754121513462	NA	"abundance"	64	56
"Candidatus_Rhabdochlamydia"	"Reads"	"Reads"	"Reads"	-0.412330701264393	-0.0299366818476919	0.228623945688881	0.106742935426384	0.216354383245618	0.0127239773948387	0.0385010005654171	NA	"abundance"	64	40
"Rubellimicrobium"	"Soil"	"Rhizosphere Soil"	"SoilRhizosphere Soil"	1.58258340748431	0.361621063769622	0.728230918755781	0.106759138549102	0.216354383245618	0.202120763434457	0.290754121513462	NA	"abundance"	64	45
"Niastella"	"Reads"	"Reads"	"Reads"	-0.620696582970173	-0.0299366818476919	0.359197033493744	0.108338886437432	0.21831307682109	0.204940458560362	0.29301059452011	NA	"abundance"	64	49
"Agrococcus"	"Reads"	"Reads"	"Reads"	0.686503540519299	0	0.4273240560262	0.108160270308598	0.21831307682109	0.108160270308598	0.181213627104143	NA	"prevalence"	64	22
"Chlorochromatium"	"Soil"	"Rhizosphere Soil"	"SoilRhizosphere Soil"	1.11174779071336	0	0.691600037261978	0.107944497782993	0.21831307682109	0.0940878973740925	0.162284284905683	NA	"prevalence"	64	50
"Cystobacter"	"Soil"	"Rhizosphere Soil"	"SoilRhizosphere Soil"	-1.69531300202135	0.361621063769622	1.22250253727463	0.109805276236339	0.220788810333488	0.207553353783339	0.294944239586851	NA	"abundance"	64	23
"Myxococcus"	"Soil"	"Rhizosphere Soil"	"SoilRhizosphere Soil"	-1.66801660973184	0.361621063769622	1.18765188748171	0.110114097577351	0.220788810333488	0.208103080669429	0.295128005313008	NA	"abundance"	64	18
"Roseomonas"	"Soil"	"Rhizosphere Soil"	"SoilRhizosphere Soil"	-1.01907987099392	0.361621063769622	0.839894976760179	0.110187674070926	0.220788810333488	0.110187674070926	0.183733366265535	NA	"abundance"	64	63
"Xanthomonas"	"Reads"	"Reads"	"Reads"	1.21637527966646	0	0.763343547603347	0.111051786999706	0.222103573999412	0.209771074603585	0.296893738652654	NA	"prevalence"	64	59
"Actinomadura"	"Reads"	"Reads"	"Reads"	-0.398009628846992	-0.0299366818476919	0.225678520086966	0.111995697372092	0.223155605957825	0.211448358514322	0.297768648436917	NA	"abundance"	64	62
"Filimonas"	"Soil"	"Rhizosphere Soil"	"SoilRhizosphere Soil"	-1.0095651464431	0	0.635153168863762	0.111951395438794	0.223155605957825	0.211369675936894	0.297768648436917	NA	"prevalence"	64	17
"Chitinophaga"	"Soil"	"Rhizosphere Soil"	"SoilRhizosphere Soil"	2.04192607948705	0.361621063769622	0.520141555708111	0.112354762269929	0.223454164067569	0.212085931935126	0.297768648436917	NA	"abundance"	64	62
"Alkanibacter"	"Soil"	"Rhizosphere Soil"	"SoilRhizosphere Soil"	1.46555273217653	0.361621063769622	0.677036815132541	0.116207799833442	0.230687602643339	0.218911346924755	0.305518420559002	NA	"abundance"	64	53
"Luedemannella"	"Soil"	"Rhizosphere Soil"	"SoilRhizosphere Soil"	-2.01673812692254	0.361621063769622	0.383645086107197	0.116671433587203	0.230750168650246	0.116671433587203	0.191362958827608	NA	"abundance"	64	64
"Aciditerrimonas"	"Reads"	"Reads"	"Reads"	1.37070608074129	0	0.873608869137755	0.116644267619554	0.230750168650246	0.00522903959222664	0.019629870554776	NA	"prevalence"	64	56
"Actinomadura"	"Reads"	"Reads"	"Reads"	2.90236743356458	0	1.86019435477389	0.118700916727742	0.234330090693583	0.211448358514322	0.297768648436917	NA	"prevalence"	64	62
"Marisediminicola"	"Reads"	"Reads"	"Reads"	0.97067569431527	0	0.62309926573113	0.119276229463281	0.235031389422112	0.224325640011586	0.311218575668247	NA	"prevalence"	64	57
"Rhodococcus"	"Reads"	"Reads"	"Reads"	2.48485781572097	0	1.603560619808	0.12124050659215	0.238461990866329	0.227781752745579	0.315390119186187	NA	"prevalence"	64	62
"Sandaracinus"	"Reads"	"Reads"	"Reads"	1.64614160783678	0	1.06395317885396	0.121816555460708	0.239154561088301	0.228793837737104	0.316167862384738	NA	"prevalence"	64	61
"Polymorphobacter"	"Reads"	"Reads"	"Reads"	0.425116003670381	-0.0299366818476919	0.290038473972383	0.125593409280948	0.246116992866152	0.0079548952372503	0.0259679827003026	NA	"abundance"	64	51
"Polycyclovorans"	"Reads"	"Reads"	"Reads"	-0.663912395875283	-0.0299366818476919	0.403679205992982	0.125907964104049	0.246281512203524	0.235963112783271	0.322354332704716	NA	"abundance"	64	40
"Crossiella"	"Reads"	"Reads"	"Reads"	-0.27108074306736	-0.0299366818476919	0.151871562003106	0.126940489269716	0.247549989436073	0.126940489269716	0.205327703841799	NA	"abundance"	64	64
"Rhodopila"	"Reads"	"Reads"	"Reads"	0.46449764681235	-0.0299366818476919	0.316790750358484	0.127715397171607	0.247549989436073	0.0201797104599868	0.0538637138513717	NA	"abundance"	64	48
"Rhynchosporium_agropyri"	"Reads"	"Reads"	"Reads"	-0.89065684620996	-0.0299366818476919	0.545860507354106	0.127577638392821	0.247549989436073	0.0582931422400378	0.114893583599122	NA	"abundance"	64	29
"Chryseobacterium"	"Reads"	"Reads"	"Reads"	2.63206553048304	0	1.72641578849752	0.12736294242061	0.247549989436073	0.238504565739185	0.32447714176145	NA	"prevalence"	64	62
"Leifsonia"	"Reads"	"Reads"	"Reads"	2.63206553048304	0	1.72641578849752	0.12736294242061	0.247549989436073	0.128163109821945	0.20588215811214	NA	"prevalence"	64	62
"Meganema"	"Soil"	"Rhizosphere Soil"	"SoilRhizosphere Soil"	0.856918999587008	0	0.564221321761748	0.128821924782195	0.249242419687291	0.241048761259801	0.327304120704798	NA	"prevalence"	64	37
"Kineococcus"	"Reads"	"Reads"	"Reads"	1.49475931089708	0	0.987480340132338	0.130099293154119	0.251258671046292	0.243272760229037	0.329686250349004	NA	"prevalence"	64	59
"Pirellula"	"Reads"	"Reads"	"Reads"	-0.3930058921331	-0.0299366818476919	0.234420249818549	0.130592576145624	0.251516300324772	0.130592576145624	0.208829130875234	NA	"abundance"	64	64
"Sediminibacterium"	"Reads"	"Reads"	"Reads"	1.52490138291255	0	1.00897792950877	0.130703695393491	0.251516300324772	0.115039357004574	0.189571898162466	NA	"prevalence"	64	57
"Variibacter"	"Soil"	"Rhizosphere Soil"	"SoilRhizosphere Soil"	0.0788648426329098	0.361621063769622	0.116354159649749	0.131502487385784	0.252598303107945	0.131502487385784	0.209330490124309	NA	"abundance"	64	64
"Friedmanniella"	"Soil"	"Rhizosphere Soil"	"SoilRhizosphere Soil"	-0.582031089521396	0.361621063769622	0.597980629816379	0.132076522244613	0.252958685127587	0.132076522244613	0.209768594153209	NA	"abundance"	64	64
"Aminobacter"	"Reads"	"Reads"	"Reads"	1.82281539931916	0	1.21067131841225	0.132163807398122	0.252958685127587	0.246860342810275	0.333903585072858	NA	"prevalence"	64	56
"Alkanibacter"	"Soil"	"Rhizosphere Soil"	"SoilRhizosphere Soil"	1.99515461312525	0	1.32762075882903	0.132889433613676	0.253892513594644	0.218911346924755	0.305518420559002	NA	"prevalence"	64	53
"Methylocella"	"Reads"	"Reads"	"Reads"	-0.364197685289627	-0.0299366818476919	0.216910009540854	0.133759233711217	0.255097967149249	0.0679028045622563	0.128139163448129	NA	"abundance"	64	59
"Aquabacterium"	"Reads"	"Reads"	"Reads"	0.993052034927656	0	0.662931140905085	0.134140624169218	0.255369316600222	0.250287541285928	0.336569167537904	NA	"prevalence"	64	55
"Larkinella"	"Reads"	"Reads"	"Reads"	-0.538332368509837	-0.0299366818476919	0.333198999707517	0.134889877400103	0.256338770575285	0.105323285390826	0.177689059416822	NA	"abundance"	64	51
"Cohnella"	"Reads"	"Reads"	"Reads"	2.78904485166752	0	1.87352917503122	0.136577357722363	0.259084579125194	0.254501340802304	0.340954086342018	NA	"prevalence"	64	62
"Janibacter"	"Reads"	"Reads"	"Reads"	1.16719130093747	0	0.785055517684759	0.137077482770342	0.259572254607668	0.25536472925803	0.341459123693594	NA	"prevalence"	64	57
"Dyella"	"Reads"	"Reads"	"Reads"	0.493937611928945	0	0.334093218613519	0.139289378042729	0.263293903981654	0.139289378042729	0.219732906485384	NA	"prevalence"	64	17
"Endobacter"	"Soil"	"Rhizosphere Soil"	"SoilRhizosphere Soil"	-0.874468849497831	0.361621063769622	0.802219219033419	0.139841027971187	0.263869642885562	0.107875172313053	0.18116835158795	NA	"abundance"	64	30
"Polaromonas"	"Soil"	"Rhizosphere Soil"	"SoilRhizosphere Soil"	2.51756352693054	0.361621063769622	0.60735215906041	0.140892898475056	0.265385565381586	0.140892898475056	0.221268041900423	NA	"abundance"	64	63
"Herpetosiphon"	"Reads"	"Reads"	"Reads"	-0.715659176109007	-0.0299366818476919	0.452776664791734	0.145800665891594	0.273216915524237	0.270343497608756	0.359433968411641	NA	"abundance"	64	36
"Fictibacillus"	"Reads"	"Reads"	"Reads"	0.611404007675402	0	0.420807023476316	0.146242623592281	0.273532612953688	0.146242623592281	0.227129030446418	NA	"prevalence"	64	19
"Actinoallomurus"	"Reads"	"Reads"	"Reads"	-0.32368098503945	-0.0299366818476919	0.197128384016612	0.147997326554293	0.275367848013911	0.147997326554293	0.228841681147828	NA	"abundance"	64	64
"Aquamicrobium"	"Reads"	"Reads"	"Reads"	0.846506789516809	0	0.584436733177344	0.147501089834553	0.275367848013911	0.273245608166725	0.362605703087034	NA	"prevalence"	64	36
"Ohtaekwangia"	"Reads"	"Reads"	"Reads"	0.484081805689185	0	0.334615082768249	0.147985850225092	0.275367848013911	0.274071888583341	0.363015973180198	NA	"prevalence"	64	10
"Opitutus"	"Reads"	"Reads"	"Reads"	-0.223372546121729	-0.0299366818476919	0.127733966800935	0.148684591835135	0.276165467965086	0.148684591835135	0.229399084545637	NA	"abundance"	64	64
"Alkanibacter"	"Reads"	"Reads"	"Reads"	0.445534450752831	-0.0299366818476919	0.324901217402546	0.150944378951444	0.279071360123024	0.163363244303037	0.246096561160369	NA	"abundance"	64	53
"Phyllobacterium"	"Soil"	"Rhizosphere Soil"	"SoilRhizosphere Soil"	1.03004085882374	0.361621063769622	0.427155949315627	0.15059444919254	0.279071360123024	0.278510210257475	0.367507833835992	NA	"abundance"	64	63
"Microcoleus"	"Reads"	"Reads"	"Reads"	0.463011217584094	0	0.322455403744881	0.151033002014146	0.279071360123024	0.0930520590798364	0.161689468995161	NA	"prevalence"	64	33
"Acidicaldus"	"Reads"	"Reads"	"Reads"	9.38262049910042	0	6.55867901229602	0.152554755746051	0.27946565889671	0.00354132127644346	0.0146540731866843	NA	"prevalence"	64	62
"Candidatus_Alysiosphaera"	"Reads"	"Reads"	"Reads"	9.38262049910042	0	6.55867901229602	0.152554755746051	0.27946565889671	0.0657857443292601	0.125835401959511	NA	"prevalence"	64	62
"Defluviicoccus"	"Reads"	"Reads"	"Reads"	9.38262049910042	0	6.55867901229602	0.152554755746051	0.27946565889671	3.14393870199749e-05	0.000310851404056653	NA	"prevalence"	64	62
"Paucimonas"	"Reads"	"Reads"	"Reads"	9.38262049910042	0	6.55867901229602	0.152554755746051	0.27946565889671	0.149270658968191	0.229798251306295	NA	"prevalence"	64	62
"Sphingobium"	"Reads"	"Reads"	"Reads"	9.38262049910042	0	6.55867901229602	0.152554755746051	0.27946565889671	0.00701381033563495	0.0240180236859304	NA	"prevalence"	64	62
"Klebsiella"	"Soil"	"Rhizosphere Soil"	"SoilRhizosphere Soil"	0.833741844090096	0	0.585915620476034	0.15474411309795	0.282990946555841	0.0745581528365237	0.136559684207163	NA	"prevalence"	64	25
"Terriglobus"	"Soil"	"Rhizosphere Soil"	"SoilRhizosphere Soil"	1.148840682579	0.361621063769622	0.529132923849566	0.155099641421937	0.283111185970947	0.155099641421937	0.23618210038655	NA	"abundance"	64	60
"Dyadobacter"	"Reads"	"Reads"	"Reads"	1.67139069518787	0	1.17627365017163	0.155340032751849	0.283111185970947	0.113819795237878	0.188446925134411	NA	"prevalence"	64	60
"Cryptosporangium"	"Reads"	"Reads"	"Reads"	-0.434467413950673	-0.0299366818476919	0.279919245553761	0.156576026102078	0.284599946379911	0.156576026102078	0.237400367869674	NA	"abundance"	64	62
"Serratia"	"Reads"	"Reads"	"Reads"	0.441755875842035	0	0.311910039436848	0.156689858119277	0.284599946379911	0.288828004601115	0.378985531270995	NA	"prevalence"	64	32
"Rickettsia"	"Soil"	"Rhizosphere Soil"	"SoilRhizosphere Soil"	-0.582410697977234	0.361621063769622	0.596334442354871	0.158124187834571	0.286717542627031	0.00289763891775526	0.0128743197485075	NA	"abundance"	64	19
"Coprothermobacter"	"Reads"	"Reads"	"Reads"	0.452336552716725	0	0.321735634662306	0.159746045530576	0.28916741801128	0.0794481896555784	0.143743889531485	NA	"prevalence"	64	38
"Byssovorax"	"Reads"	"Reads"	"Reads"	0.20873771151183	-0.0299366818476919	0.165261073082827	0.161251376929644	0.291398427344941	0.161251376929644	0.24343756259056	NA	"abundance"	64	64
"Phycicoccus"	"Soil"	"Rhizosphere Soil"	"SoilRhizosphere Soil"	2.03405822275798	0.361621063769622	0.512524385177348	0.161824232011784	0.291939661805043	0.297461381957364	0.388860130603482	NA	"abundance"	64	61
"OM27_clade"	"Reads"	"Reads"	"Reads"	0.434636041941857	-0.0299366818476919	0.326961050089784	0.162780033104642	0.293168761139558	0.0649980545776678	0.125353390971217	NA	"abundance"	64	62
"Candidatus_Odyssella"	"Reads"	"Reads"	"Reads"	1.04871961723358	0	0.754530903614222	0.164560407142777	0.295876287590043	0.0494441336841066	0.101788216557897	NA	"prevalence"	64	60
"Amnibacterium"	"Reads"	"Reads"	"Reads"	0.270190714923176	-0.0299366818476919	0.211179391027753	0.165078271609884	0.296037202046776	0.165078271609884	0.247667164783548	NA	"abundance"	64	62
"Nitrospira"	"Reads"	"Reads"	"Reads"	-0.394279999678718	-0.0299366818476919	0.25780717851801	0.165481469683451	0.296037202046776	0.0861543062626657	0.1542865382561	NA	"abundance"	64	62
"Cupriavidus"	"Reads"	"Reads"	"Reads"	0.572673482298968	0	0.412663848334836	0.16521375567514	0.296037202046776	0.303131926285995	0.395536454001429	NA	"prevalence"	64	55
"unidentified_marine_bacterioplankton"	"Reads"	"Reads"	"Reads"	-0.66278599053539	-0.0299366818476919	0.441100270814784	0.169549259886955	0.30179768259878	0.310351568245695	0.402711277095154	NA	"abundance"	64	21
"bacterium_enrichment_culture_clone_heteroC45_4W"	"Reads"	"Reads"	"Reads"	0.623490092165299	0	0.453640809077269	0.169313320045035	0.30179768259878	0.00956095322265467	0.0299633444745695	NA	"prevalence"	64	29
"Coxiella"	"Reads"	"Reads"	"Reads"	0.486434588514111	0	0.353925323721247	0.169317866153329	0.30179768259878	0.309967192507942	0.402711277095154	NA	"prevalence"	64	52
"Turicibacter"	"Soil"	"Rhizosphere Soil"	"SoilRhizosphere Soil"	-0.345373236107168	0.361621063769622	0.48652950416797	0.170797321995359	0.303009202476817	0.312422918789932	0.404651086698399	NA	"abundance"	64	35
"Phycicoccus"	"Reads"	"Reads"	"Reads"	1.34870429586184	0	0.992754119134263	0.174289807302513	0.308692395023357	0.318202677675479	0.409868403170984	NA	"prevalence"	64	61
"Low Abundance OTU Group"	"Soil"	"Rhizosphere Soil"	"SoilRhizosphere Soil"	-0.911898664131902	0.361621063769622	0.897792271968016	0.174950350368885	0.30911954375336	0.0067118480528329	0.0233510917519742	NA	"abundance"	64	26
"Luteimonas"	"Soil"	"Rhizosphere Soil"	"SoilRhizosphere Soil"	2.30034000981447	0	1.69645795287162	0.175109853905227	0.30911954375336	0.175109853905227	0.258793931455725	NA	"prevalence"	64	36
"Edaphobacter"	"Reads"	"Reads"	"Reads"	0.181110195440014	-0.0299366818476919	0.150881088955101	0.17689831096633	0.311761379722838	0.17689831096633	0.260340910478749	NA	"abundance"	64	63
"Gemmata"	"Soil"	"Rhizosphere Soil"	"SoilRhizosphere Soil"	0.932255951605746	0.361621063769622	0.362550327834785	0.177878926687492	0.31245837779974	0.177878926687492	0.261236415344393	NA	"abundance"	64	64
"Sutterella"	"Reads"	"Reads"	"Reads"	-0.359113316195423	-0.0299366818476919	0.23874847307269	0.177658706098509	0.31245837779974	0.323754796344422	0.415495186533426	NA	"abundance"	64	56
"Methylorosula"	"Reads"	"Reads"	"Reads"	0.345852344941761	-0.0299366818476919	0.274297473256231	0.178963264012554	0.313846906347139	0.12067430008988	0.196095737646055	NA	"abundance"	64	55
"Microvirga"	"Reads"	"Reads"	"Reads"	0.225719871306258	-0.0299366818476919	0.186938236029621	0.182561475319559	0.319513249441166	0.182561475319559	0.267553560906744	NA	"abundance"	64	63
"Rickettsia"	"Reads"	"Reads"	"Reads"	0.449332813628942	0	0.337681534129897	0.183307243601691	0.319889111383343	0.333012941646533	0.424274201516998	NA	"prevalence"	64	19
"Bradyrhizobium"	"Soil"	"Rhizosphere Soil"	"SoilRhizosphere Soil"	0.710405466662384	0.361621063769622	0.194173290694537	0.184351945756484	0.321187403047185	0.184351945756484	0.269614720668857	NA	"abundance"	64	64
"Catenulispora"	"Reads"	"Reads"	"Reads"	-1.23062691882976	-0.0299366818476919	0.868627647004731	0.184997194849554	0.321786651627563	0.335770427596904	0.426240217311079	NA	"abundance"	64	20
"Terrabacter"	"Reads"	"Reads"	"Reads"	-0.333156163188595	-0.0299366818476919	0.224703921846893	0.187104535090422	0.324678693795999	0.142504699684508	0.222802448059075	NA	"abundance"	64	59
"Nannocystis"	"Reads"	"Reads"	"Reads"	0.464038801712172	0	0.351889856744539	0.187267860841138	0.324678693795999	0.33946646997826	0.430154263402055	NA	"prevalence"	64	41
"Rhodopila"	"Soil"	"Rhizosphere Soil"	"SoilRhizosphere Soil"	1.58817126335643	0.361621063769622	0.903901996113941	0.188508214757759	0.326299470601761	8.15769221842355e-05	0.000706999992263375	NA	"abundance"	64	48
"Nitrosospira"	"Reads"	"Reads"	"Reads"	7.86202673466364	0	6.01769349944195	0.191387651746839	0.330213266664983	0.00289095478091623	0.0128743197485075	NA	"prevalence"	64	63
"Sporocytophaga"	"Reads"	"Reads"	"Reads"	7.86202673466364	0	6.01769349944195	0.191387651746839	0.330213266664983	0.169564847787422	0.253264942865469	NA	"prevalence"	64	63
"Turicibacter"	"Reads"	"Reads"	"Reads"	0.82188471321812	0	0.629537262321091	0.191709773280991	0.330235544942094	0.346666909390533	0.437698148187327	NA	"prevalence"	64	35
"Schlesneria"	"Soil"	"Rhizosphere Soil"	"SoilRhizosphere Soil"	1.3448612430384	0.361621063769622	0.735029834847187	0.193245435742452	0.33234480736383	0.349147073049614	0.43999956014172	NA	"abundance"	64	58
"Rhynchosporium_orthosporum"	"Soil"	"Rhizosphere Soil"	"SoilRhizosphere Soil"	-0.773595176990355	0	0.595091959183775	0.19361500516977	0.332445057108222	0.349743240112649	0.43999956014172	NA	"prevalence"	64	22
"Blastomonas"	"Reads"	"Reads"	"Reads"	-0.424387875634275	-0.0299366818476919	0.291925343707595	0.19537354683258	0.334926080284423	0.352576270863218	0.441191697229909	NA	"abundance"	64	22
"Escherichia-Shigella"	"Soil"	"Rhizosphere Soil"	"SoilRhizosphere Soil"	-0.467126917212822	0.361621063769622	0.611306580105647	0.197791901360221	0.338528446558839	0.35646216647675	0.444469699585574	NA	"abundance"	64	26
"Bauldia"	"Soil"	"Rhizosphere Soil"	"SoilRhizosphere Soil"	-0.477402430961829	0.361621063769622	0.28923937597862	0.199367800953053	0.340679698268578	0.199367800953053	0.289165694770751	NA	"abundance"	64	64
"Modestobacter"	"Soil"	"Rhizosphere Soil"	"SoilRhizosphere Soil"	0.963044442787999	0.361621063769622	0.356712835583632	0.201026198510762	0.342964824296316	0.201026198510762	0.290371175626656	NA	"abundance"	64	63
"Luedemannella"	"Reads"	"Reads"	"Reads"	-0.257590760508779	-0.0299366818476919	0.173146473791392	0.202533853874762	0.34498589463835	0.202533853874762	0.290754121513462	NA	"abundance"	64	64
"Candidatus_Methylacidiphilum"	"Soil"	"Rhizosphere Soil"	"SoilRhizosphere Soil"	1.2206956442261	0.361621063769622	0.615344365231643	0.203268758512765	0.345686360018524	0.203268758512765	0.291213609134614	NA	"abundance"	64	62
"Agaricicola"	"Soil"	"Rhizosphere Soil"	"SoilRhizosphere Soil"	3.28375171112165	0.361621063769622	0.5399513132087	0.203699529698633	0.345868199869857	0.365905560997822	0.453826331838288	NA	"abundance"	64	60
"Chlorochromatium"	"Reads"	"Reads"	"Reads"	0.25809990985132	-0.0299366818476919	0.221871758601085	0.204514780901751	0.346701247623921	0.0260744273289032	0.0642254315259299	NA	"abundance"	64	50
"Candidatus_Alysiosphaera"	"Soil"	"Rhizosphere Soil"	"SoilRhizosphere Soil"	-1.62171531905021	0.361621063769622	0.470383046428306	0.206440305568586	0.34885798472666	0.37026301137392	0.457613792226218	NA	"abundance"	64	62
"Mesorhizobium"	"Reads"	"Reads"	"Reads"	-0.140255226457251	-0.0299366818476919	0.0784200201078527	0.20624482214325	0.34885798472666	0.20624482214325	0.294276148667807	NA	"abundance"	64	64
"Bacillus"	"Reads"	"Reads"	"Reads"	0.285187098443527	-0.0299366818476919	0.245174872415255	0.207417396196788	0.349955417279889	0.207417396196788	0.294944239586851	NA	"abundance"	64	64
"Frankia"	"Soil"	"Rhizosphere Soil"	"SoilRhizosphere Soil"	0.898729193123333	0	0.715460835984224	0.209060038488248	0.352170538021213	0.374413977283788	0.460312805697407	NA	"prevalence"	64	51
"Acidocella"	"Soil"	"Rhizosphere Soil"	"SoilRhizosphere Soil"	0.986841291894152	0.361621063769622	0.477044989203253	0.211888813789886	0.356373626972596	0.211888813789886	0.297768648436917	NA	"abundance"	64	63
"Luteolibacter"	"Soil"	"Rhizosphere Soil"	"SoilRhizosphere Soil"	1.37338673091028	0.361621063769622	0.762922914873213	0.214611269093012	0.359819207835693	0.214611269093012	0.30071279621416	NA	"abundance"	64	62
"Neochlamydia"	"Soil"	"Rhizosphere Soil"	"SoilRhizosphere Soil"	0.751297145073917	0	0.60534768305292	0.214568726804061	0.359819207835693	0.383097715085806	0.469344844660098	NA	"prevalence"	64	25
"Amycolatopsis"	"Soil"	"Rhizosphere Soil"	"SoilRhizosphere Soil"	-0.212444693103275	0.361621063769622	0.438706263799084	0.216501743403609	0.360793339441019	0.216501743403609	0.302757418066402	NA	"abundance"	64	63
"Haloferula"	"Reads"	"Reads"	"Reads"	-0.382533686893199	-0.0299366818476919	0.280474579933682	0.216543567960387	0.360793339441019	0.386196019095759	0.472316385723384	NA	"abundance"	64	57
"Nevskia"	"Soil"	"Rhizosphere Soil"	"SoilRhizosphere Soil"	1.59556011719776	0.361621063769622	0.930819915722205	0.216384478473245	0.360793339441019	0.176328739469384	0.260047846864511	NA	"abundance"	64	47
"Panacagrimonas"	"Reads"	"Reads"	"Reads"	-0.37084911333995	-0.0299366818476919	0.260328119038707	0.216325653709171	0.360793339441019	0.0933807514605154	0.161859969198227	NA	"abundance"	64	16
"Achromobacter"	"Reads"	"Reads"	"Reads"	0.193770775112741	-0.0299366818476919	0.177707782862091	0.22028912178337	0.366178560020871	0.392050946390652	0.477812090913607	NA	"abundance"	64	63
"Serratia"	"Reads"	"Reads"	"Reads"	-0.846074460894703	-0.0299366818476919	0.603774132802936	0.22046143641706	0.366178560020871	0.288828004601115	0.378985531270995	NA	"abundance"	64	32
"Amycolatopsis"	"Reads"	"Reads"	"Reads"	-0.306495244550951	-0.0299366818476919	0.221329115485481	0.221232136591669	0.366888077453264	0.221232136591669	0.308144761681253	NA	"abundance"	64	63
"Oryzihumus"	"Reads"	"Reads"	"Reads"	1.09972475866052	0	0.90018952162919	0.221836553266981	0.367320060293234	0.394461650168588	0.479916946998871	NA	"prevalence"	64	58
"Cytophaga"	"Reads"	"Reads"	"Reads"	-0.428703074881296	-0.0299366818476919	0.322255016108947	0.223479018000278	0.369466859480335	0.0150923508825243	0.0441451263313836	NA	"abundance"	64	58
"Kineosporia"	"Soil"	"Rhizosphere Soil"	"SoilRhizosphere Soil"	-0.308209428788647	0.361621063769622	0.526209777558184	0.224161767178903	0.37002282433859	0.224161767178903	0.311218575668247	NA	"abundance"	64	64
"Propionibacterium"	"Reads"	"Reads"	"Reads"	0.373109914180707	0	0.307194237353557	0.224528882889537	0.370056862540163	0.0318764427356225	0.0738493990833565	NA	"prevalence"	64	14
"Undibacterium"	"Reads"	"Reads"	"Reads"	0.41826284240768	0	0.348471976435953	0.230031841698246	0.378542383565065	0.407149035201406	0.491942551998945	NA	"prevalence"	64	15
"Coxiella"	"Soil"	"Rhizosphere Soil"	"SoilRhizosphere Soil"	2.48027330486931	0.361621063769622	0.894165684530851	0.231202271563814	0.37974150063663	0.408950052751361	0.493164691992847	NA	"abundance"	64	52
"Pedobacter"	"Reads"	"Reads"	"Reads"	-0.278174924806584	-0.0299366818476919	0.203100994936868	0.23147164505098	0.37974150063663	0.23147164505098	0.319239871956361	NA	"abundance"	64	64
"Brevibacillus"	"Soil"	"Rhizosphere Soil"	"SoilRhizosphere Soil"	1.09616400736403	0	0.919215648658611	0.233065529409498	0.381769916272	0.233065529409498	0.320709646780718	NA	"prevalence"	64	9
"Dactylosporangium"	"Reads"	"Reads"	"Reads"	0.199202721755602	-0.0299366818476919	0.187731976818431	0.233451039180836	0.381815788430526	0.233451039180836	0.320709646780718	NA	"abundance"	64	64
"Ferruginibacter"	"Reads"	"Reads"	"Reads"	-0.265631287124498	-0.0299366818476919	0.193786222201961	0.234250940730097	0.382538233485846	0.234250940730097	0.321180000766656	NA	"abundance"	64	64
"Methylotenera"	"Soil"	"Rhizosphere Soil"	"SoilRhizosphere Soil"	-1.14857376374768	0.361621063769622	0.61411671967793	0.236383989264077	0.384844665448223	0.416890588147755	0.5011253302735	NA	"abundance"	64	53
"Nordella"	"Soil"	"Rhizosphere Soil"	"SoilRhizosphere Soil"	-0.227357924634289	0.361621063769622	0.424291380236577	0.236025821951886	0.384844665448223	0.236025821951886	0.322354332704716	NA	"abundance"	64	64
"Roseiflexus"	"Reads"	"Reads"	"Reads"	-0.225998079686266	-0.0299366818476919	0.161274906417718	0.23847236251975	0.387366620304996	0.23847236251975	0.32447714176145	NA	"abundance"	64	64
"Fodinicola"	"Reads"	"Reads"	"Reads"	0.346677596988777	0	0.294206814658979	0.238658460824614	0.387366620304996	0.0102683319291394	0.0317549295782196	NA	"prevalence"	64	22
"Rudaea"	"Reads"	"Reads"	"Reads"	0.625862402462659	0	0.534238941783895	0.24139674331423	0.391216573383304	0.165205633551947	0.247667164783548	NA	"prevalence"	64	47
"Frankia"	"Reads"	"Reads"	"Reads"	0.264142772796634	-0.0299366818476919	0.247068860865824	0.242771241156407	0.392848008416731	0.0210662608465731	0.0555959214823096	NA	"abundance"	64	51
"Meganema"	"Reads"	"Reads"	"Reads"	0.346068197355132	0	0.296785027034023	0.243591483456705	0.393578977809018	0.427846156100772	0.512539251847683	NA	"prevalence"	64	37
"Fluviicola"	"Reads"	"Reads"	"Reads"	0.379129266159656	0	0.327141399701993	0.246490596125502	0.397661565954737	0.170582787107249	0.254244408809531	NA	"prevalence"	64	47
"Parvibaculum"	"Soil"	"Rhizosphere Soil"	"SoilRhizosphere Soil"	1.50370809689622	0	1.29863565269171	0.246899229945855	0.397720026519114	0.0357723743236157	0.0804878422281353	NA	"prevalence"	64	58
"Phycicoccus"	"Reads"	"Reads"	"Reads"	0.232346154182215	-0.0299366818476919	0.222459867518218	0.248385193577016	0.399511124608814	0.318202677675479	0.409868403170984	NA	"abundance"	64	61
"Candidatus_Protochlamydia"	"Soil"	"Rhizosphere Soil"	"SoilRhizosphere Soil"	-0.344372601790226	0.361621063769622	0.581469605654441	0.249619540628989	0.400290794882523	0.249619540628989	0.336339572978024	NA	"abundance"	64	64
"Sporichthya"	"Reads"	"Reads"	"Reads"	-0.217063872938628	-0.0299366818476919	0.157074435432289	0.249568332370842	0.400290794882523	0.249568332370842	0.336339572978024	NA	"abundance"	64	63
"Inquilinus"	"Soil"	"Rhizosphere Soil"	"SoilRhizosphere Soil"	1.72904726263589	0.361621063769622	0.311891434546954	0.250748824248325	0.400897820804208	0.250748824248325	0.336569167537904	NA	"abundance"	64	63
"Pseudoxanthomonas"	"Reads"	"Reads"	"Reads"	0.352623560467421	0	0.306925997533921	0.250602213423496	0.400897820804208	0.438402957474236	0.522463076118314	NA	"prevalence"	64	38
"Phycicoccus"	"Soil"	"Rhizosphere Soil"	"SoilRhizosphere Soil"	1.44493185840259	0	1.26185285700325	0.252172937592939	0.402572043870342	0.297461381957364	0.388860130603482	NA	"prevalence"	64	61
"Paucimonas"	"Soil"	"Rhizosphere Soil"	"SoilRhizosphere Soil"	-0.629139428534623	0.361621063769622	0.820391585816288	0.25465033448706	0.403511212510652	0.444453876119748	0.526149445254744	NA	"abundance"	64	62
"Plantibacter"	"Reads"	"Reads"	"Reads"	-0.373085195031896	-0.0299366818476919	0.294661841330163	0.254175685837461	0.403511212510652	0.0281786793534896	0.067977432667181	NA	"abundance"	64	38
"Desulfosporosinus"	"Reads"	"Reads"	"Reads"	1.0366591532897	0	0.909382236048839	0.254303067158688	0.403511212510652	0.44393608435106	0.526149445254744	NA	"prevalence"	64	42
"Actinocorallia"	"Reads"	"Reads"	"Reads"	-0.304614631316768	-0.0299366818476919	0.237064664240583	0.255817665316246	0.404760394900372	0.0425706995033049	0.0914440308175467	NA	"abundance"	64	53
"Schlesneria"	"Reads"	"Reads"	"Reads"	-0.261072828434391	-0.0299366818476919	0.199751705304668	0.258375570269384	0.408202824035063	0.120489816231684	0.196095737646055	NA	"abundance"	64	58
"Hirschia"	"Soil"	"Rhizosphere Soil"	"SoilRhizosphere Soil"	1.65738804855692	0	1.46903305509401	0.259228291233051	0.408945073909747	0.451257275490495	0.532407743519878	NA	"prevalence"	64	61
"Limnobacter"	"Soil"	"Rhizosphere Soil"	"SoilRhizosphere Soil"	0.78414850534218	0.361621063769622	0.3440433589049	0.259917702886439	0.40942788596271	0.259917702886439	0.34688636392829	NA	"abundance"	64	63
"Janthinobacterium"	"Reads"	"Reads"	"Reads"	-0.313651173059503	-0.0299366818476919	0.248518307615018	0.261682265750997	0.411600382653999	0.0901512479616777	0.158611970097989	NA	"abundance"	64	62
"Luteimonas"	"Reads"	"Reads"	"Reads"	0.422389061062244	0	0.377128676983529	0.262708176940745	0.412606372018699	0.262708176940745	0.349945237594692	NA	"prevalence"	64	36
"Taibaiella"	"Soil"	"Rhizosphere Soil"	"SoilRhizosphere Soil"	1.02866541214819	0.361621063769622	0.586219374164382	0.272123045020456	0.426765656507852	0.18573110267825	0.271067014719608	NA	"abundance"	64	53
"Acidiphilium"	"Soil"	"Rhizosphere Soil"	"SoilRhizosphere Soil"	0.676777382431396	0.361621063769622	0.250398331311366	0.274633803436656	0.428814184313376	0.274633803436656	0.363075197763715	NA	"abundance"	64	64
"Methylotenera"	"Reads"	"Reads"	"Reads"	-0.416769322298661	-0.0299366818476919	0.348629488640981	0.274050288224393	0.428814184313376	0.472997015972913	0.556187445917898	NA	"abundance"	64	53
"Escherichia-Shigella"	"Soil"	"Rhizosphere Soil"	"SoilRhizosphere Soil"	-0.619460545942235	0	0.566730090680856	0.274374775345069	0.428814184313376	0.35646216647675	0.444469699585574	NA	"prevalence"	64	26
"Lentzea"	"Soil"	"Rhizosphere Soil"	"SoilRhizosphere Soil"	1.04617851558203	0.361621063769622	0.592827656520805	0.276432329156289	0.43099230297652	0.476449825709806	0.558376924287619	NA	"abundance"	64	18
"Sutterella"	"Reads"	"Reads"	"Reads"	0.645740984441649	0	0.59483732524441	0.277666726679351	0.432285807716541	0.323754796344422	0.415495186533426	NA	"prevalence"	64	56
"Aquipuribacter"	"Reads"	"Reads"	"Reads"	0.410193361269597	0	0.37844879236956	0.278417675363309	0.432823984407589	0.479318948771909	0.560803170063134	NA	"prevalence"	64	13
"Dokdonella"	"Reads"	"Reads"	"Reads"	0.125681668183571	-0.0299366818476919	0.139749295737809	0.281317455899625	0.436696283286046	0.281317455899625	0.370515673623896	NA	"abundance"	64	64
"Aquibacter"	"Reads"	"Reads"	"Reads"	-0.295237340820843	-0.0299366818476919	0.239047638571333	0.286301287390366	0.443657029777379	0.0317215801475542	0.0738304941014024	NA	"abundance"	64	20
"Sorangium"	"Soil"	"Rhizosphere Soil"	"SoilRhizosphere Soil"	-0.222720191600399	0.361621063769622	0.524403933986799	0.286632350698868	0.443657029777379	0.286632350698868	0.376808820581659	NA	"abundance"	64	64
"Pir4_lineage"	"Reads"	"Reads"	"Reads"	-0.67827163804212	0	0.637572815301518	0.28740390622427	0.444207484583966	0.105550338713412	0.177689059416822	NA	"prevalence"	64	63
"Lapillicoccus"	"Soil"	"Rhizosphere Soil"	"SoilRhizosphere Soil"	-0.423415317448458	0.361621063769622	0.650797705077946	0.288116561489261	0.444665444610594	0.0295813352895725	0.0701557343691887	NA	"abundance"	64	43
"Effusibacillus"	"Soil"	"Rhizosphere Soil"	"SoilRhizosphere Soil"	0.932581228260697	0	0.879644989249846	0.289063129901929	0.445482572489553	0.494568766735159	0.575766623960334	NA	"prevalence"	64	10
"Blastochloris"	"Soil"	"Rhizosphere Soil"	"SoilRhizosphere Soil"	0.859784137872548	0.361621063769622	0.424274614419471	0.289954712775362	0.445570695315233	0.289954712775362	0.37975412009012	NA	"abundance"	64	61
"Catenulispora"	"Reads"	"Reads"	"Reads"	0.536211517706787	0	0.506312087523087	0.289575478927681	0.445570695315233	0.335770427596904	0.426240217311079	NA	"prevalence"	64	20
"Nannocystis"	"Reads"	"Reads"	"Reads"	0.280394724269383	-0.0299366818476919	0.290041907969416	0.293151551011213	0.449190611879449	0.33946646997826	0.430154263402055	NA	"abundance"	64	41
"Curtobacterium"	"Reads"	"Reads"	"Reads"	0.541463893264524	0	0.514992489460004	0.293074211728151	0.449190611879449	0.500255929876226	0.581423282736938	NA	"prevalence"	64	59
"Deinococcus"	"Reads"	"Reads"	"Reads"	0.244133377012658	-0.0299366818476919	0.257895054911621	0.295600104454458	0.45229356956642	0.069928222976201	0.130905633411448	NA	"abundance"	64	62
"Aminobacter"	"Soil"	"Rhizosphere Soil"	"SoilRhizosphere Soil"	0.979798716959393	0.361621063769622	0.573641713871246	0.297663538181568	0.454149512539877	0.00405745763003662	0.0160922895835351	NA	"abundance"	64	56
"Tahibacter"	"Soil"	"Rhizosphere Soil"	"SoilRhizosphere Soil"	0.829032176075483	0	0.795583794737857	0.297391946274299	0.454149512539877	0.506341922839783	0.587524016253764	NA	"prevalence"	64	56
"Geobacter"	"Reads"	"Reads"	"Reads"	-0.339488926668834	-0.0299366818476919	0.291948172410923	0.299249375508065	0.455917736152087	0.0319803665546159	0.0738493990833565	NA	"abundance"	64	36
"Acidocella"	"Reads"	"Reads"	"Reads"	0.217890725521348	-0.0299366818476919	0.237046893528921	0.30256560056884	0.4592222189931	0.513585258490097	0.593218006203285	NA	"abundance"	64	63
"Phreatobacter"	"Reads"	"Reads"	"Reads"	0.141268217578158	-0.0299366818476919	0.161294336696436	0.302256763519645	0.4592222189931	0.0235010007045275	0.0597742844006462	NA	"abundance"	64	61
"Clostridium_sensu_stricto_9"	"Soil"	"Rhizosphere Soil"	"SoilRhizosphere Soil"	-0.660948833974778	0	0.641297573692388	0.302708279186463	0.4592222189931	0.513784256084896	0.593218006203285	NA	"prevalence"	64	21
"Polymorphobacter"	"Soil"	"Rhizosphere Soil"	"SoilRhizosphere Soil"	-0.800586619131224	0.361621063769622	0.752956980928791	0.305023571425115	0.461892744335179	0.517007763725297	0.595209590674721	NA	"abundance"	64	51
"Telmatobacter"	"Reads"	"Reads"	"Reads"	-0.229257022957014	-0.0299366818476919	0.190185241335186	0.30533359316539	0.461892744335179	0.30533359316539	0.397670097220971	NA	"abundance"	64	63
"Zavarzinella"	"Reads"	"Reads"	"Reads"	-0.28420585750573	-0.0299366818476919	0.244821896914143	0.306409685453141	0.46286498453176	0.165464245418068	0.247667164783548	NA	"abundance"	64	62
"Filimonas"	"Reads"	"Reads"	"Reads"	-0.403737005589431	-0.0299366818476919	0.352248691866447	0.307848948966565	0.46438231284787	0.520926922553312	0.598511783359124	NA	"abundance"	64	17
"possible_genus_04"	"Soil"	"Rhizosphere Soil"	"SoilRhizosphere Soil"	-1.96799913222797	0.361621063769622	0.503016423362626	0.312467750764511	0.470684848824397	0.527299406261189	0.604746308790365	NA	"abundance"	64	59
"Polynucleobacter"	"Soil"	"Rhizosphere Soil"	"SoilRhizosphere Soil"	0.592350047106598	0	0.58713713132291	0.313032892140135	0.470872012402344	0.528076192718652	0.604746308790365	NA	"prevalence"	64	23
"Herbaspirillum"	"Reads"	"Reads"	"Reads"	0.506851302738893	0	0.504140264613275	0.314715087103107	0.472163794043258	0.530384588155898	0.606400620334594	NA	"prevalence"	64	59
"Noviherbaspirillum"	"Reads"	"Reads"	"Reads"	0.130597542474071	-0.0299366818476919	0.156119399299318	0.315735985814162	0.472277356932108	0.315735985814162	0.408189064533226	NA	"abundance"	64	64
"Acidocella"	"Reads"	"Reads"	"Reads"	-2.58248970885969	0	2.57284927339676	0.315500582281556	0.472277356932108	0.513585258490097	0.593218006203285	NA	"prevalence"	64	63
"Hyphomicrobium"	"Reads"	"Reads"	"Reads"	0.0820256041883368	-0.0299366818476919	0.105966876991276	0.316673228919845	0.473016795085866	0.316673228919845	0.408648174084064	NA	"abundance"	64	64
"Sporosarcina"	"Reads"	"Reads"	"Reads"	1.07765716408615	0	1.07755833313036	0.317266123998826	0.473240531327857	0.0057755453587855	0.0211168377180595	NA	"prevalence"	64	57
"Oryzihumus"	"Reads"	"Reads"	"Reads"	-0.23299473613243	-0.0299366818476919	0.199494521043369	0.318750637281516	0.474791744235229	0.394461650168588	0.479916946998871	NA	"abundance"	64	58
"Bradyrhizobium"	"Reads"	"Reads"	"Reads"	0.0506137895918772	-0.0299366818476919	0.0728637533906017	0.319972235714707	0.475285601868299	0.319972235714707	0.411392874490337	NA	"abundance"	64	64
"Rugosimonospora"	"Soil"	"Rhizosphere Soil"	"SoilRhizosphere Soil"	-0.534089673140596	0.361621063769622	0.881584730180663	0.319566522302687	0.475285601868299	0.53701028242874	0.612977590674757	NA	"abundance"	64	56
"Rhynchosporium_orthosporum"	"Soil"	"Rhizosphere Soil"	"SoilRhizosphere Soil"	-0.249251406479835	0.361621063769622	0.584690115626883	0.320485395915266	0.475386670607645	0.349743240112649	0.43999956014172	NA	"abundance"	64	22
"Albidiferax"	"Reads"	"Reads"	"Reads"	0.149782575921652	-0.0299366818476919	0.177522333854125	0.322910520451666	0.478319605884021	0.017688830186003	0.049081260041795	NA	"abundance"	64	55
"Janibacter"	"Reads"	"Reads"	"Reads"	0.257572555553499	-0.0299366818476919	0.287637653447401	0.323594823637844	0.478669351309165	0.25536472925803	0.341459123693594	NA	"abundance"	64	57
"Sporocytophaga"	"Soil"	"Rhizosphere Soil"	"SoilRhizosphere Soil"	0.778348146587895	0.361621063769622	0.39120586360156	0.324529365195728	0.479387775973772	0.324529365195728	0.415729223298177	NA	"abundance"	64	63
"Oryzihumus"	"Soil"	"Rhizosphere Soil"	"SoilRhizosphere Soil"	-1.10659226328098	0	1.12965830413197	0.32729278985668	0.482136137333702	0.143118329656485	0.223264594264116	NA	"prevalence"	64	58
"Nannocystis"	"Soil"	"Rhizosphere Soil"	"SoilRhizosphere Soil"	-0.286975540866738	0.361621063769622	0.643479637059961	0.328833856550471	0.483739061702345	0.549536007887086	0.62625694405314	NA	"abundance"	64	41
"Aquabacterium"	"Reads"	"Reads"	"Reads"	0.270759818620853	-0.0299366818476919	0.304359008310501	0.329521100167117	0.484083266820469	0.250287541285928	0.336569167537904	NA	"abundance"	64	55
"Bordetella"	"Reads"	"Reads"	"Reads"	-0.445025112906637	-0.0299366818476919	0.420344583128305	0.330328331395058	0.484248227465408	0.157700551201024	0.238590058067066	NA	"abundance"	64	39
"Microlunatus"	"Reads"	"Reads"	"Reads"	0.16140590027159	-0.0299366818476919	0.192702585202008	0.33054022268004	0.484248227465408	0.33054022268004	0.422657989656445	NA	"abundance"	64	64
"Segetibacter"	"Reads"	"Reads"	"Reads"	-0.309866125446166	-0.0299366818476919	0.28479380737349	0.331199003880125	0.484548679649279	0.331199003880125	0.422730364952451	NA	"abundance"	64	63
"Amnibacterium"	"Soil"	"Rhizosphere Soil"	"SoilRhizosphere Soil"	-0.254019561929669	0.361621063769622	0.598128165608816	0.333750736780403	0.486947796286162	0.333750736780403	0.424443871775078	NA	"abundance"	64	62
"Rhodococcus"	"Reads"	"Reads"	"Reads"	0.15418544712425	-0.0299366818476919	0.189350508662404	0.340341846384241	0.495886892139658	0.227781752745579	0.315390119186187	NA	"abundance"	64	62
"Bryocella"	"Reads"	"Reads"	"Reads"	0.277222179962175	-0.0299366818476919	0.319013880642018	0.341563181377309	0.496312214572743	0.0581223119108129	0.114893583599122	NA	"abundance"	64	54
"Staphylococcus"	"Reads"	"Reads"	"Reads"	-0.384843850124936	-0.0299366818476919	0.359609997863066	0.341554755781741	0.496312214572743	0.128140140742952	0.20588215811214	NA	"abundance"	64	17
"Luteolibacter"	"Reads"	"Reads"	"Reads"	-0.288681360782129	-0.0299366818476919	0.268509012162613	0.342121065867597	0.496447416231785	0.342121065867597	0.432736915746042	NA	"abundance"	64	62
"Chryseobacterium"	"Reads"	"Reads"	"Reads"	-0.296744199397929	-0.0299366818476919	0.277769385821513	0.343173600915155	0.496625211080469	0.238504565739185	0.32447714176145	NA	"abundance"	64	62
"Bosea"	"Reads"	"Reads"	"Reads"	1.34800664294163	0	1.42188706410088	0.343108793844997	0.496625211080469	0.0229702700230015	0.0590664086305753	NA	"prevalence"	64	63
"Undibacterium"	"Reads"	"Reads"	"Reads"	-0.218021485737412	-0.0299366818476919	0.18880075591085	0.344757797494401	0.498242662684737	0.407149035201406	0.491942551998945	NA	"abundance"	64	15
"Illumatobacter"	"Reads"	"Reads"	"Reads"	0.286860684468685	0	0.304006040755627	0.345373109524146	0.498457406718632	0.00328690640804382	0.0140695627954071	NA	"prevalence"	64	37
"Lentzea"	"Reads"	"Reads"	"Reads"	0.496353269806499	-0.0299366818476919	0.540746224607257	0.346046665424167	0.498755517777342	0.572345036197148	0.648042282919997	NA	"abundance"	64	18
"Georgenia"	"Reads"	"Reads"	"Reads"	0.357671729929886	0	0.380831614034636	0.347635242643777	0.50036986407487	0.574420223359556	0.649344600319498	NA	"prevalence"	64	36
"Low Abundance OTU Group"	"Reads"	"Reads"	"Reads"	-0.35103073035921	-0.0299366818476919	0.334297435177897	0.349034405917765	0.501707598277488	0.576243795321163	0.650358752918741	NA	"abundance"	64	26
"Cystobacter"	"Reads"	"Reads"	"Reads"	0.569389604598539	-0.0299366818476919	0.626394877007711	0.3499924105841	0.502408460354596	0.577490133701731	0.65071921967675	NA	"abundance"	64	23
"Acidovorax"	"Reads"	"Reads"	"Reads"	-0.207918731420245	-0.0299366818476919	0.187155454922224	0.351813384445606	0.503756248670054	0.351813384445606	0.441100049121385	NA	"abundance"	64	64
"Haliangium"	"Soil"	"Rhizosphere Soil"	"SoilRhizosphere Soil"	-0.132792131691892	0.361621063769622	0.501384869670147	0.351874683059794	0.503756248670054	0.351874683059794	0.441100049121385	NA	"abundance"	64	64
"Rhodanobacter"	"Soil"	"Rhizosphere Soil"	"SoilRhizosphere Soil"	-0.171301211915127	0.361621063769622	0.555629514096565	0.355662626914703	0.508497571010579	0.355662626914703	0.444261857818721	NA	"abundance"	64	64
"Myxococcus"	"Soil"	"Rhizosphere Soil"	"SoilRhizosphere Soil"	-0.616097569835877	0	0.668223905300396	0.356532377828756	0.509059598290256	0.208103080669429	0.295128005313008	NA	"prevalence"	64	18
"Candidatus_Xiphinematobacter"	"Soil"	"Rhizosphere Soil"	"SoilRhizosphere Soil"	0.832759830689373	0.361621063769622	0.489374375140326	0.359404740788592	0.512475651751957	0.359404740788592	0.44734419864112	NA	"abundance"	64	63
"Coprothermobacter"	"Soil"	"Rhizosphere Soil"	"SoilRhizosphere Soil"	0.512199891419649	0	0.56052092735996	0.360825820682111	0.513815968651326	0.591456368493303	0.662204737930301	NA	"prevalence"	64	38
"Frigoribacterium"	"Reads"	"Reads"	"Reads"	0.202892749578617	-0.0299366818476919	0.251732073802961	0.361339397205025	0.513862152083844	0.361339397205025	0.448956206792793	NA	"abundance"	64	59
"Herbaspirillum"	"Reads"	"Reads"	"Reads"	-0.336618700185733	-0.0299366818476919	0.336430322834172	0.367590113334122	0.521385852410542	0.530384588155898	0.606400620334594	NA	"abundance"	64	59
"Microvirga"	"Soil"	"Rhizosphere Soil"	"SoilRhizosphere Soil"	0.875238103163926	0.361621063769622	0.518372001945188	0.367606317289455	0.521385852410542	0.367606317289455	0.455131630929802	NA	"abundance"	64	63
"Polymorphobacter"	"Soil"	"Rhizosphere Soil"	"SoilRhizosphere Soil"	-0.772459030127292	0	0.860202433873584	0.369187257239459	0.522933674710533	0.517007763725297	0.595209590674721	NA	"prevalence"	64	51
"Meganema"	"Soil"	"Rhizosphere Soil"	"SoilRhizosphere Soil"	1.20493840476872	0.361621063769622	0.795316258904371	0.372259537303028	0.526151021415595	0.241048761259801	0.327304120704798	NA	"abundance"	64	37
"Patulibacter"	"Reads"	"Reads"	"Reads"	0.0639935559282597	-0.0299366818476919	0.099380552490904	0.372443981451489	0.526151021415595	0.372443981451489	0.459500307520114	NA	"abundance"	64	64
"Candidatus_Solibacter"	"Soil"	"Rhizosphere Soil"	"SoilRhizosphere Soil"	-0.596718151393449	0.361621063769622	0.24571122983568	0.37313982739418	0.526437695715963	0.37313982739418	0.459551155843358	NA	"abundance"	64	64
"Rhodoligotrophos"	"Soil"	"Rhizosphere Soil"	"SoilRhizosphere Soil"	1.48484183782307	0.361621063769622	0.730453801088681	0.376647009448373	0.530684704605359	0.00589452961563493	0.0214402061667136	NA	"abundance"	64	54
"Parafilimonas"	"Reads"	"Reads"	"Reads"	-0.200004927012405	-0.0299366818476919	0.189544694702064	0.379359446367304	0.533099853579317	0.379359446367304	0.465577502359874	NA	"abundance"	64	64
"Pedosphaera"	"Reads"	"Reads"	"Reads"	0.6292374780987	0	0.715754345882843	0.379333550360033	0.533099853579317	0.171160790484052	0.254565412965687	NA	"prevalence"	64	59
"Acinetobacter"	"Reads"	"Reads"	"Reads"	-0.35248815150641	-0.0299366818476919	0.364379246610834	0.381232189951412	0.534486136993607	0.200407959701177	0.290075026206653	NA	"abundance"	64	56
"Tumebacillus"	"Soil"	"Rhizosphere Soil"	"SoilRhizosphere Soil"	-0.494873639494413	0.361621063769622	0.778113013449629	0.381346850551618	0.534486136993607	0.617268280677598	0.687813227040753	NA	"abundance"	64	54
"Marisediminicola"	"Reads"	"Reads"	"Reads"	-0.20865961705096	-0.0299366818476919	0.202115020786008	0.385234693603522	0.5392275920951	0.224325640011586	0.311218575668247	NA	"abundance"	64	57
"Chthonomonas"	"Soil"	"Rhizosphere Soil"	"SoilRhizosphere Soil"	-0.110894945478664	0.361621063769622	0.505143211896341	0.389488995300874	0.543175434549354	0.389488995300874	0.475515260349936	NA	"abundance"	64	64
"Prosthecobacter"	"Reads"	"Reads"	"Reads"	0.203857423469417	-0.0299366818476919	0.268318787086234	0.389580882832214	0.543175434549354	0.118943677370412	0.194635108424311	NA	"abundance"	64	61
"Cystobacter"	"Reads"	"Reads"	"Reads"	0.244773533040876	0	0.284340243920509	0.389322146556294	0.543175434549354	0.577490133701731	0.65071921967675	NA	"prevalence"	64	23
"Rubrobacter"	"Reads"	"Reads"	"Reads"	2.05047276169024	0	2.38749020180398	0.390428639336654	0.543647701188457	0.628422756259037	0.698026542553551	NA	"prevalence"	64	63
"Domibacillus"	"Reads"	"Reads"	"Reads"	0.629893002489979	0	0.735507516157358	0.39177328267413	0.544809721218711	0.630060260330996	0.698739814774659	NA	"prevalence"	64	54
"Plantibacter"	"Soil"	"Rhizosphere Soil"	"SoilRhizosphere Soil"	0.982672033555984	0.361621063769622	0.714331979272698	0.397181909764195	0.55161284737082	0.00302532233644617	0.0132736017511576	NA	"abundance"	64	38
"Cellvibrio"	"Reads"	"Reads"	"Reads"	0.208196258786328	-0.0299366818476919	0.280431786414341	0.401309994895758	0.555267390458635	0.0142238294559413	0.0421313429454463	NA	"abundance"	64	60
"Solibacillus"	"Reads"	"Reads"	"Reads"	0.214309437190941	-0.0299366818476919	0.28793730089047	0.401373057522534	0.555267390458635	0.641645783740081	0.709346992418168	NA	"abundance"	64	62
"Turneriella"	"Reads"	"Reads"	"Reads"	0.774737791167222	0	0.923121915692289	0.401324340681815	0.555267390458635	0.401324340681815	0.487421604080681	NA	"prevalence"	64	25
"Phaselicystis"	"Soil"	"Rhizosphere Soil"	"SoilRhizosphere Soil"	-0.0691650473135333	0.361621063769622	0.494659934787596	0.402968764886851	0.556198008986534	0.402968764886851	0.488573528412037	NA	"abundance"	64	64
"Woodsholea"	"Reads"	"Reads"	"Reads"	0.309465247616777	0	0.370120553292675	0.403087321119454	0.556198008986534	0.64369525379165	0.710493817864369	NA	"prevalence"	64	39
"Cellulomonas"	"Reads"	"Reads"	"Reads"	-0.205250243578978	-0.0299366818476919	0.207460003161689	0.405619926965644	0.558970428386204	0.405619926965644	0.490939980568763	NA	"abundance"	64	63
"Rhodomicrobium"	"Reads"	"Reads"	"Reads"	0.289286071303194	0	0.348595737676464	0.406617273702355	0.559622742672829	0.647896940131575	0.714008872798062	NA	"prevalence"	64	37
"Hymenobacter"	"Reads"	"Reads"	"Reads"	0.131190702508162	-0.0299366818476919	0.191973457438646	0.40956554904819	0.562954963170486	0.40956554904819	0.493164691992847	NA	"abundance"	64	63
"Fodinicola"	"Soil"	"Rhizosphere Soil"	"SoilRhizosphere Soil"	0.49386265387273	0	0.604051253174689	0.413594753378845	0.567762463507207	0.656128886735183	0.721947458445295	NA	"prevalence"	64	22
"Coprothermobacter"	"Soil"	"Rhizosphere Soil"	"SoilRhizosphere Soil"	-0.0107579273385525	0.361621063769622	0.431471916049948	0.419280209139354	0.573360152300963	0.591456368493303	0.662204737930301	NA	"abundance"	64	38
"Cupriavidus"	"Reads"	"Reads"	"Reads"	-0.312514993716191	-0.0299366818476919	0.346365669785232	0.419361133236253	0.573360152300963	0.303131926285995	0.395536454001429	NA	"abundance"	64	55
"Shinella"	"Reads"	"Reads"	"Reads"	0.688924205546232	0	0.853798181556857	0.419727842295542	0.573360152300963	0.419727842295542	0.50367341075465	NA	"prevalence"	64	18
"unidentified_marine_bacterioplankton"	"Reads"	"Reads"	"Reads"	0.262099065705116	0	0.32488917313809	0.419819886797147	0.573360152300963	0.310351568245695	0.402711277095154	NA	"prevalence"	64	21
"Corallococcus"	"Soil"	"Rhizosphere Soil"	"SoilRhizosphere Soil"	0.62337684513082	0	0.783200996391105	0.426069994755263	0.58115294303783	0.670604349079777	0.73442161162871	NA	"prevalence"	64	55
"Brevundimonas"	"Reads"	"Reads"	"Reads"	0.152709551167084	-0.0299366818476919	0.227208028960775	0.428389322184691	0.582056090135274	0.139847228143319	0.220118282862355	NA	"abundance"	64	61
"Phreatobacter"	"Soil"	"Rhizosphere Soil"	"SoilRhizosphere Soil"	-0.264289265611675	0.361621063769622	0.34998905462889	0.427904064931665	0.582056090135274	0.672706241078287	0.734688438497336	NA	"abundance"	64	61
"Oceanobacillus"	"Reads"	"Reads"	"Reads"	1.17459959723183	0	1.48485271111012	0.428912118854364	0.582056090135274	0.0242657711090271	0.0614595332695442	NA	"prevalence"	64	61
"Pseudoxanthomonas"	"Soil"	"Rhizosphere Soil"	"SoilRhizosphere Soil"	0.441904592766683	0	0.557656836995956	0.428109380731148	0.582056090135274	0.672941119592289	0.734688438497336	NA	"prevalence"	64	38
"Phaselicystis"	"Reads"	"Reads"	"Reads"	0.166716238475686	-0.0299366818476919	0.247329967393798	0.432529587381963	0.586220303710579	0.432529587381963	0.517267070429537	NA	"abundance"	64	64
"Paenibacillus"	"Reads"	"Reads"	"Reads"	0.128526983309566	-0.0299366818476919	0.199957935246509	0.436003762819717	0.590179998341518	0.436003762819717	0.520535104590887	NA	"abundance"	64	64
"Cellvibrio"	"Soil"	"Rhizosphere Soil"	"SoilRhizosphere Soil"	-1.45490975328478	0	1.87356018269704	0.437425383720843	0.591354822549191	0.0128577725568186	0.0387388683900714	NA	"prevalence"	64	60
"Clostridium_sensu_stricto_13"	"Reads"	"Reads"	"Reads"	-0.20890144085506	-0.0299366818476919	0.227989332838684	0.439847846727926	0.592384978406079	0.0982932210245122	0.168708658090972	NA	"abundance"	64	62
"Geodermatophilus"	"Reads"	"Reads"	"Reads"	0.07063923450886	-0.0299366818476919	0.125335675150801	0.439150368971906	0.592384978406079	0.439150368971906	0.522463076118314	NA	"abundance"	64	64
"Oligoflexus"	"Soil"	"Rhizosphere Soil"	"SoilRhizosphere Soil"	-0.656198097764737	0	0.849508755623412	0.439851393142342	0.592384978406079	0.439851393142342	0.522463076118314	NA	"prevalence"	64	11
"Aureimonas"	"Soil"	"Rhizosphere Soil"	"SoilRhizosphere Soil"	0.958867564976848	0.361621063769622	0.725683172986934	0.441653454589585	0.594062833125537	0.153895716272587	0.235369919005133	NA	"abundance"	64	54
"Leptothrix"	"Soil"	"Rhizosphere Soil"	"SoilRhizosphere Soil"	-0.448762088904977	0.361621063769622	0.866228360786423	0.444326125923046	0.596906040862659	0.00695620151409023	0.0239473317833822	NA	"abundance"	64	25
"Hydrotalea"	"Reads"	"Reads"	"Reads"	-0.189588594132697	-0.0299366818476919	0.207975491196519	0.450150768500251	0.603971131605864	0.450150768500251	0.531996362773024	NA	"abundance"	64	63
"Methylotenera"	"Soil"	"Rhizosphere Soil"	"SoilRhizosphere Soil"	0.537190457668622	0	0.714245876088777	0.451985759519817	0.605672259933707	0.416890588147755	0.5011253302735	NA	"prevalence"	64	53
"Plantactinospora"	"Reads"	"Reads"	"Reads"	0.392450381181827	0	0.522841531088351	0.452887056256055	0.606119518899081	0.452887056256055	0.53343408303985	NA	"prevalence"	64	13
"Kineococcus"	"Soil"	"Rhizosphere Soil"	"SoilRhizosphere Soil"	-0.863210150318285	0	1.17428770151396	0.462283126355741	0.617920374152605	0.0401752948964388	0.0879303468955636	NA	"prevalence"	64	59
"Solibacillus"	"Reads"	"Reads"	"Reads"	-1.32954681869098	0	1.82833592497339	0.467109833444873	0.62281311125983	0.641645783740081	0.709346992418168	NA	"prevalence"	64	62
"Malawimonas_jakobiformis"	"Reads"	"Reads"	"Reads"	-0.500380646225093	0	0.702259537870918	0.47613694279358	0.634057674443322	0.47613694279358	0.558376924287619	NA	"prevalence"	64	27
"Microbacterium"	"Reads"	"Reads"	"Reads"	-0.213231426059542	-0.0299366818476919	0.257112532844701	0.48145472508268	0.640340780060152	0.48145472508268	0.56236475375714	NA	"abundance"	64	63
"possible_genus_04"	"Reads"	"Reads"	"Reads"	-0.202804957053869	-0.0299366818476919	0.244145305554504	0.484706891174542	0.643864377828869	0.0140159166476121	0.0416914130789139	NA	"abundance"	64	59
"Chryseolinea"	"Soil"	"Rhizosphere Soil"	"SoilRhizosphere Soil"	-0.194059084008191	0.361621063769622	0.744988641750516	0.486355580010991	0.644484210472244	0.736169409814154	0.787791045258439	NA	"abundance"	64	55
"Lentzea"	"Soil"	"Rhizosphere Soil"	"SoilRhizosphere Soil"	0.430260236579792	0	0.618406825378505	0.486581671590232	0.644484210472244	0.476449825709806	0.558376924287619	NA	"prevalence"	64	18
"Niastella"	"Reads"	"Reads"	"Reads"	0.207718873882302	0	0.298827057102754	0.486983855665825	0.644484210472244	0.204940458560362	0.29301059452011	NA	"prevalence"	64	49
"Massilia"	"Reads"	"Reads"	"Reads"	0.0644130022369711	-0.0299366818476919	0.13214173418938	0.488188089200052	0.645278315922841	0.488188089200052	0.569282456176805	NA	"abundance"	64	64
"Kineococcus"	"Reads"	"Reads"	"Reads"	0.155376058400077	-0.0299366818476919	0.267210902223865	0.492376474258851	0.650009980850992	0.243272760229037	0.329686250349004	NA	"abundance"	64	59
"Leptothrix"	"Reads"	"Reads"	"Reads"	0.135234996550072	-0.0299366818476919	0.235639329152716	0.493194936666087	0.650144926138274	0.080561905721441	0.145384210325068	NA	"abundance"	64	25
"Actinophytocola"	"Reads"	"Reads"	"Reads"	-0.207146099084962	-0.0299366818476919	0.257790852959226	0.496972283686498	0.653653200710812	0.746963116620423	0.798124973923191	NA	"abundance"	64	59
"Corallococcus"	"Reads"	"Reads"	"Reads"	0.283693603952018	-0.0299366818476919	0.459047838964235	0.497586571780691	0.653656160715594	0.0535729608453438	0.107759938433901	NA	"abundance"	64	55
"Rickettsia"	"Reads"	"Reads"	"Reads"	0.121593689443236	-0.0299366818476919	0.217283310183305	0.500246161982255	0.656342630217504	0.333012941646533	0.424274201516998	NA	"abundance"	64	19
"Filimonas"	"Reads"	"Reads"	"Reads"	0.192090169839233	0	0.286973819569262	0.50326280778334	0.659490403328352	0.520926922553312	0.598511783359124	NA	"prevalence"	64	17
"Lentzea"	"Reads"	"Reads"	"Reads"	-0.239402639949773	0	0.361512095569214	0.507826516082978	0.664626248818327	0.572345036197148	0.648042282919997	NA	"prevalence"	64	18
"Tumebacillus"	"Soil"	"Rhizosphere Soil"	"SoilRhizosphere Soil"	-0.543705852072469	0	0.822190283034356	0.508426634161585	0.664626248818327	0.617268280677598	0.687813227040753	NA	"prevalence"	64	54
"Actinomycetospora"	"Soil"	"Rhizosphere Soil"	"SoilRhizosphere Soil"	0.0148532652299809	0.361621063769622	0.483021672683451	0.511167371872503	0.667392118777302	0.511167371872503	0.592144381278048	NA	"abundance"	64	63
"Stenotrophomonas"	"Soil"	"Rhizosphere Soil"	"SoilRhizosphere Soil"	1.34714562677631	0.361621063769622	1.2182720603542	0.513641600063793	0.669202068478107	0.0171420459069497	0.0483281776171836	NA	"abundance"	64	56
"Cryobacterium"	"Reads"	"Reads"	"Reads"	0.287817459933389	0	0.440814740728465	0.513806831603041	0.669202068478107	0.0115582740052807	0.0351251443796842	NA	"prevalence"	64	59
"Woodsholea"	"Reads"	"Reads"	"Reads"	-0.197839003462823	-0.0299366818476919	0.254599661482954	0.515223669860477	0.670230060183909	0.64369525379165	0.710493817864369	NA	"abundance"	64	39
"Isosphaera"	"Soil"	"Rhizosphere Soil"	"SoilRhizosphere Soil"	0.153283047997868	0.361621063769622	0.291058703279728	0.51720491497376	0.671172356247845	0.51720491497376	0.595209590674721	NA	"abundance"	64	64
"Aquamicrobium"	"Soil"	"Rhizosphere Soil"	"SoilRhizosphere Soil"	0.715916286514003	0	1.11334746031447	0.520204360436799	0.674245457459347	0.769796144256139	0.821271874267188	NA	"prevalence"	64	36
"Rubrobacter"	"Reads"	"Reads"	"Reads"	0.114616642901688	-0.0299366818476919	0.226321131527545	0.528297736581111	0.683905433537729	0.628422756259037	0.698026542553551	NA	"abundance"	64	63
"Rhodobacter"	"Soil"	"Rhizosphere Soil"	"SoilRhizosphere Soil"	-0.448458614351278	0.361621063769622	1.25531418223106	0.529569709383426	0.684722093972759	0.00352219350828331	0.0146540731866843	NA	"abundance"	64	18
"Rubellimicrobium"	"Reads"	"Reads"	"Reads"	-0.209452357079594	-0.0299366818476919	0.283399113930703	0.531607968224271	0.686526372507281	0.039369104149766	0.086909154443823	NA	"abundance"	64	45
"Cohnella"	"Reads"	"Reads"	"Reads"	0.12163209143388	-0.0299366818476919	0.240146819074787	0.533272553691593	0.687844308384808	0.254501340802304	0.340954086342018	NA	"abundance"	64	62
"Klebsiella"	"Reads"	"Reads"	"Reads"	-0.54079229196677	-0.0299366818476919	0.818942057441896	0.538881303322871	0.693768955684544	0.787369547574786	0.834944746824018	NA	"abundance"	64	25
"Actinophytocola"	"Reads"	"Reads"	"Reads"	0.294252560448016	0	0.479179274139945	0.539165012376565	0.693768955684544	0.746963116620423	0.798124973923191	NA	"prevalence"	64	59
"Aneurinibacillus"	"Reads"	"Reads"	"Reads"	0.427285908000944	-0.0299366818476919	0.734546717245734	0.54273420527247	0.697198630384284	0.192372736641548	0.280177720170885	NA	"abundance"	64	18
"Phyllobacterium"	"Reads"	"Reads"	"Reads"	0.716165052451704	0	1.17775273928607	0.543136011685135	0.697198630384284	0.0317618364937657	0.0738304941014024	NA	"prevalence"	64	63
"Pseudoxanthomonas"	"Soil"	"Rhizosphere Soil"	"SoilRhizosphere Soil"	-0.687272623364519	0.361621063769622	0.945684909464398	0.543999251656771	0.697468428294636	0.672941119592289	0.734688438497336	NA	"abundance"	64	38
"Rhodococcus"	"Soil"	"Rhizosphere Soil"	"SoilRhizosphere Soil"	14.5695293995965	0	24.0913785765912	0.545337722149999	0.698346147789208	0.00605786855148154	0.0219207408409281	NA	"prevalence"	64	62
"Turicibacter"	"Reads"	"Reads"	"Reads"	-0.149161324656777	-0.0299366818476919	0.195749684361006	0.551226862847022	0.705042262898946	0.346666909390533	0.437698148187327	NA	"abundance"	64	35
"Catellatospora"	"Reads"	"Reads"	"Reads"	0.212728857689347	0	0.358325167475788	0.552729201215216	0.706118166145754	0.0698994291277383	0.130905633411448	NA	"prevalence"	64	47
"Planosporangium"	"Reads"	"Reads"	"Reads"	-0.155657227948551	-0.0299366818476919	0.211815951231029	0.558265430379292	0.711488639194611	0.558265430379292	0.635173958065257	NA	"abundance"	64	62
"Sandaracinus"	"Reads"	"Reads"	"Reads"	-0.184098390247665	-0.0299366818476919	0.26024619525443	0.558150225949424	0.711488639194611	0.228793837737104	0.316167862384738	NA	"abundance"	64	61
"Rhodoplanes"	"Reads"	"Reads"	"Reads"	-0.0964446347016886	-0.0299366818476919	0.110130168878645	0.565356565747917	0.718810490736638	0.565356565747917	0.642201147500061	NA	"abundance"	64	64
"Williamsia"	"Reads"	"Reads"	"Reads"	-0.17229990741308	-0.0299366818476919	0.244781968556072	0.565075667135828	0.718810490736638	0.00922743026005057	0.0291786308223221	NA	"abundance"	64	57
"Acidobacterium"	"Soil"	"Rhizosphere Soil"	"SoilRhizosphere Soil"	0.126222366952654	0.361621063769622	0.382045184133576	0.566957279953054	0.719988555279265	0.566957279953054	0.642979015391024	NA	"abundance"	64	64
"Aquamicrobium"	"Reads"	"Reads"	"Reads"	0.186002580456229	-0.0299366818476919	0.37547333678751	0.569505532548744	0.722365687365866	0.273245608166725	0.362605703087034	NA	"abundance"	64	36
"Cystobacter"	"Soil"	"Rhizosphere Soil"	"SoilRhizosphere Soil"	-0.32533849963508	0	0.57480917437359	0.571397911551052	0.723906250933006	0.207553353783339	0.294944239586851	NA	"prevalence"	64	23
"Chthonomonas"	"Reads"	"Reads"	"Reads"	-0.135742272513867	-0.0299366818476919	0.18845612516562	0.581222217782468	0.733741523158009	0.581222217782468	0.653874995005276	NA	"abundance"	64	64
"Rhodovarius"	"Reads"	"Reads"	"Reads"	0.288769035917966	0	0.522979512799936	0.580837861736654	0.733741523158009	0.0923302981557223	0.16123350573462	NA	"prevalence"	64	17
"Conexibacter"	"Soil"	"Rhizosphere Soil"	"SoilRhizosphere Soil"	0.642364542982813	0.361621063769622	0.49481916876366	0.584684315931797	0.735032347152188	0.584684315931797	0.655668354287734	NA	"abundance"	64	63
"Herpetosiphon"	"Soil"	"Rhizosphere Soil"	"SoilRhizosphere Soil"	-1.02980145999188	0.361621063769622	0.849730100285774	0.584997654568689	0.735032347152188	0.827773053286511	0.873829599108467	NA	"abundance"	64	36
"Sporichthya"	"Soil"	"Rhizosphere Soil"	"SoilRhizosphere Soil"	0.176317012924276	0.361621063769622	0.309675267659094	0.58438583453708	0.735032347152188	0.58438583453708	0.655668354287734	NA	"abundance"	64	63
"Blastomonas"	"Reads"	"Reads"	"Reads"	0.164438613642892	0	0.299725512427711	0.583258922341511	0.735032347152188	0.352576270863218	0.441191697229909	NA	"prevalence"	64	22
"Myxococcus"	"Reads"	"Reads"	"Reads"	-0.267650127343903	-0.0299366818476919	0.433434505899111	0.591533871592793	0.742371533326795	0.0415161308853311	0.0898144069401567	NA	"abundance"	64	18
"Penicillium_digitatum_PHI26"	"Soil"	"Rhizosphere Soil"	"SoilRhizosphere Soil"	-0.330347882816981	0	0.618582845152094	0.593313971529818	0.743594919330769	0.0831748365219508	0.149714705739512	NA	"prevalence"	64	18
"Phreatobacter"	"Soil"	"Rhizosphere Soil"	"SoilRhizosphere Soil"	-1.22723148271455	0	2.30167213296448	0.593901185570361	0.743594919330769	0.672706241078287	0.734688438497336	NA	"prevalence"	64	61
"Ammoniphilus"	"Soil"	"Rhizosphere Soil"	"SoilRhizosphere Soil"	-2.13730751576255	0.361621063769622	0.977400943718421	0.598064328879428	0.747930565858582	0.0876231628623634	0.156517710761779	NA	"abundance"	64	21
"Burkholderia"	"Reads"	"Reads"	"Reads"	0.0445027593068716	-0.0299366818476919	0.137646134961878	0.598953944784209	0.748167032783082	0.598953944784209	0.669531320443494	NA	"abundance"	64	64
"Georgenia"	"Reads"	"Reads"	"Reads"	-0.190773410944467	-0.0299366818476919	0.310745242307778	0.608918482540161	0.759364601534436	0.574420223359556	0.649344600319498	NA	"abundance"	64	36
"Tetrasphaera"	"Reads"	"Reads"	"Reads"	0.101834365131289	-0.0299366818476919	0.255269301558308	0.610381842373593	0.759775999597899	0.034759695287962	0.078968628129933	NA	"abundance"	64	43
"Sphingomonas"	"Reads"	"Reads"	"Reads"	0.0180393229704452	-0.0299366818476919	0.0888103634081915	0.614108456244069	0.762637013103099	0.614108456244069	0.685380184870169	NA	"abundance"	64	64
"Propionibacterium"	"Soil"	"Rhizosphere Soil"	"SoilRhizosphere Soil"	-0.345264018033629	0	0.684064752419994	0.613752578720701	0.762637013103099	0.850812929555092	0.89278128034032	NA	"prevalence"	64	14
"Acidicapsa"	"Soil"	"Rhizosphere Soil"	"SoilRhizosphere Soil"	-0.169308297888329	0.361621063769622	0.569909440669284	0.616244726460115	0.764401124110805	0.100037917366403	0.170867683676923	NA	"abundance"	64	58
"Sclerotinia_borealis"	"Soil"	"Rhizosphere Soil"	"SoilRhizosphere Soil"	0.28046048878591	0	0.563157606557003	0.618474028722163	0.766276406815858	0.00695905368064097	0.0239473317833822	NA	"prevalence"	64	25
"Candidatus_Rhabdochlamydia"	"Soil"	"Rhizosphere Soil"	"SoilRhizosphere Soil"	0.623345417017255	0.361621063769622	0.508946048857968	0.619592579813357	0.766772740719196	0.00654888675037746	0.0231021030088692	NA	"abundance"	64	40
"Duganella"	"Soil"	"Rhizosphere Soil"	"SoilRhizosphere Soil"	0.620633792781889	0.361621063769622	0.506156223169059	0.621372115491412	0.768084976093551	0.621372115491412	0.691288787757482	NA	"abundance"	64	64
"Spirosoma"	"Reads"	"Reads"	"Reads"	-0.178348219609483	-0.0299366818476919	0.300778026556387	0.624731904081969	0.771345287352073	0.859173856186056	0.900209025436733	NA	"abundance"	64	59
"Herpetosiphon"	"Reads"	"Reads"	"Reads"	0.138735645592329	0	0.287674562368484	0.629617033744682	0.776479205588129	0.270343497608756	0.359433968411641	NA	"prevalence"	64	36
"Gemmatimonas"	"Soil"	"Rhizosphere Soil"	"SoilRhizosphere Soil"	0.129039103033154	0.361621063769622	0.456656119090632	0.635956691257157	0.782490491085995	0.635956691257157	0.704166557196411	NA	"abundance"	64	64
"Achromobacter"	"Reads"	"Reads"	"Reads"	0.504191580740439	0	1.06320277871218	0.635343328477299	0.782490491085995	0.392050946390652	0.477812090913607	NA	"prevalence"	64	63
"Tetrasphaera"	"Soil"	"Rhizosphere Soil"	"SoilRhizosphere Soil"	0.802999997546244	0.361621063769622	0.820051146756826	0.639753321649548	0.786256096112448	0.026302956868681	0.0645618032231261	NA	"abundance"	64	43
"Filimonas"	"Soil"	"Rhizosphere Soil"	"SoilRhizosphere Soil"	0.740688754743045	0.361621063769622	0.801081028558987	0.646381001658121	0.79312789036052	0.211369675936894	0.297768648436917	NA	"abundance"	64	17
"Turicibacter"	"Soil"	"Rhizosphere Soil"	"SoilRhizosphere Soil"	-0.469105284286227	0	1.02386620095261	0.646829955528102	0.79312789036052	0.312422918789932	0.404651086698399	NA	"prevalence"	64	35
"Pilimelia"	"Reads"	"Reads"	"Reads"	-0.220413656644753	-0.0299366818476919	0.40645263096752	0.649049402480626	0.794936653496913	0.0207148693772379	0.0548748615200792	NA	"abundance"	64	16
"Hansschlegelia"	"Soil"	"Rhizosphere Soil"	"SoilRhizosphere Soil"	-0.279561092747141	0	0.617714727048229	0.650856144736921	0.796236383252041	0.878098568332034	0.915936396685123	NA	"prevalence"	64	22
"Angustibacter"	"Reads"	"Reads"	"Reads"	0.0248930583343378	-0.0299366818476919	0.119392080094418	0.658867865766744	0.805115424071948	0.658867865766744	0.723826669433888	NA	"abundance"	64	64
"Dyadobacter"	"Soil"	"Rhizosphere Soil"	"SoilRhizosphere Soil"	13.9969935391432	0	31.970596235327	0.661525227624954	0.80743879211823	6.68835304629579e-05	0.000603828687720099	NA	"prevalence"	64	60
"Kaistia"	"Reads"	"Reads"	"Reads"	-0.146351322557069	-0.0299366818476919	0.265727084191354	0.664467517273754	0.808464056089313	0.0489431044004527	0.101651062985556	NA	"abundance"	64	52
"Pseudolabrys"	"Reads"	"Reads"	"Reads"	0.0106051372455279	-0.0299366818476919	0.0874274491316334	0.664467472593312	0.808464056089313	0.664467472593312	0.728837759000789	NA	"abundance"	64	64
"Streptosporangium"	"Reads"	"Reads"	"Reads"	-1.09023554466973	0	2.51483800456844	0.664636180942338	0.808464056089313	1.97964501458589e-05	0.000213801661575276	NA	"prevalence"	64	63
"Xanthomonas"	"Reads"	"Reads"	"Reads"	0.0721469781953187	-0.0299366818476919	0.23584657050178	0.668609367560266	0.812371791301893	0.209771074603585	0.296893738652654	NA	"abundance"	64	59
"Bacteriovorax"	"Reads"	"Reads"	"Reads"	-0.166633261756092	-0.0299366818476919	0.31790376986601	0.670113322340583	0.813273895749708	0.00539885226255837	0.0200806520452256	NA	"abundance"	64	47
"Anoxybacillus"	"Reads"	"Reads"	"Reads"	0.217000935716717	0	0.511864727820159	0.671608142347208	0.814162878577546	0.892158787827348	0.929221764176259	NA	"prevalence"	64	48
"Motilibacter"	"Soil"	"Rhizosphere Soil"	"SoilRhizosphere Soil"	0.163011539762374	0.361621063769622	0.454919751951825	0.674862019933865	0.817179860872299	0.194601425867348	0.282836854987325	NA	"abundance"	64	60
"Mucilaginibacter"	"Reads"	"Reads"	"Reads"	-0.107611558830449	-0.0299366818476919	0.185392607622389	0.67910553838947	0.82138699320493	0.67910553838947	0.740267217312745	NA	"abundance"	64	64
"Staphylococcus"	"Soil"	"Rhizosphere Soil"	"SoilRhizosphere Soil"	-0.0836493634920549	0.361621063769622	1.05257983674691	0.679876769895021	0.821389581728374	0.0174843825579309	0.0487064942685219	NA	"abundance"	64	17
"Spirilliplanes"	"Reads"	"Reads"	"Reads"	-0.0814557584245558	-0.0299366818476919	0.121188560718648	0.681353241193623	0.821640932228756	0.681353241193623	0.741565853206082	NA	"abundance"	64	64
"Williamsia"	"Soil"	"Rhizosphere Soil"	"SoilRhizosphere Soil"	-0.465019664064951	0	1.13350654696067	0.681623469995017	0.821640932228756	0.898636385141986	0.934581840547665	NA	"prevalence"	64	57
"Williamsia"	"Soil"	"Rhizosphere Soil"	"SoilRhizosphere Soil"	0.0748619375123724	0.361621063769622	0.674496665591946	0.68394238492522	0.823506727283128	0.898636385141986	0.934581840547665	NA	"abundance"	64	57
"Candidatus_Amoebophilus"	"Soil"	"Rhizosphere Soil"	"SoilRhizosphere Soil"	0.807304951545849	0.361621063769622	1.09479824793313	0.693141849790537	0.83364357609943	0.0312367386454355	0.0735845319768313	NA	"abundance"	64	13
"Bacteriovorax"	"Soil"	"Rhizosphere Soil"	"SoilRhizosphere Soil"	0.626294785771839	0.361621063769622	0.663703976685565	0.696411808942496	0.835694170730995	0.1091464716872	0.182430531248606	NA	"abundance"	64	47
"Candidatus_Methylacidiphilum"	"Reads"	"Reads"	"Reads"	-0.121539678843132	-0.0299366818476919	0.232009203478764	0.69638315374903	0.835694170730995	0.69638315374903	0.756750733640587	NA	"abundance"	64	62
"Anaeromyxobacter"	"Soil"	"Rhizosphere Soil"	"SoilRhizosphere Soil"	0.614104726322956	0.361621063769622	0.637931369907347	0.699166869756311	0.838058604825746	0.699166869756311	0.758601456829877	NA	"abundance"	64	64
"SM1A02"	"Reads"	"Reads"	"Reads"	-0.136000979030867	-0.0299366818476919	0.272583525948069	0.700023544189528	0.838144781608089	0.0493278525402465	0.101788216557897	NA	"abundance"	64	58
"Acidobacterium"	"Reads"	"Reads"	"Reads"	0.0236924310227131	-0.0299366818476919	0.137217609790742	0.70337096178598	0.839555363697167	0.70337096178598	0.761985208601479	NA	"abundance"	64	64
"Candidatus_Entotheonella"	"Soil"	"Rhizosphere Soil"	"SoilRhizosphere Soil"	0.244044626826262	0	0.641346250991707	0.703559972386671	0.839555363697167	0.000312011157045603	0.00223501869638789	NA	"prevalence"	64	48
"Herpetosiphon"	"Soil"	"Rhizosphere Soil"	"SoilRhizosphere Soil"	-0.211350123074031	0	0.55245346785829	0.702041302402356	0.839555363697167	0.827773053286511	0.873829599108467	NA	"prevalence"	64	36
"Variibacter"	"Reads"	"Reads"	"Reads"	-0.00449789203203046	-0.0299366818476919	0.0581770798248747	0.705612222134152	0.841064568347404	0.705612222134152	0.763235408225231	NA	"abundance"	64	64
"Actinomycetospora"	"Reads"	"Reads"	"Reads"	-0.0947419477398883	-0.0299366818476919	0.172969800437946	0.713034544371634	0.847075521011018	0.713034544371634	0.770077307921365	NA	"abundance"	64	63
"Actinophytocola"	"Soil"	"Rhizosphere Soil"	"SoilRhizosphere Soil"	0.0919629909226185	0.361621063769622	0.709149114232918	0.712664604287968	0.847075521011018	0.174154869921097	0.25847086402666	NA	"abundance"	64	59
"Bryobacter"	"Soil"	"Rhizosphere Soil"	"SoilRhizosphere Soil"	0.455731532239295	0.361621063769622	0.221487116973569	0.717751750792537	0.850719646929617	0.717751750792537	0.77398115062421	NA	"abundance"	64	64
"Cryptosporangium"	"Soil"	"Rhizosphere Soil"	"SoilRhizosphere Soil"	0.661851155471652	0.361621063769622	0.819451611010308	0.719943021676585	0.850719646929617	0.719943021676585	0.775153376099636	NA	"abundance"	64	62
"Glarea_lozoyensis_74030"	"Soil"	"Rhizosphere Soil"	"SoilRhizosphere Soil"	-0.277298199561497	0.361621063769622	1.50683055533822	0.718576637842792	0.850719646929617	0.0334982805891467	0.0768489966456895	NA	"abundance"	64	27
"Nitratireductor"	"Soil"	"Rhizosphere Soil"	"SoilRhizosphere Soil"	0.130233880150417	0.361621063769622	0.622072583946203	0.717118620650535	0.850719646929617	0.919978125217344	0.949742123386141	NA	"abundance"	64	62
"Ohtaekwangia"	"Soil"	"Rhizosphere Soil"	"SoilRhizosphere Soil"	-0.2881646866078	0	0.804153286063651	0.720084794779376	0.850719646929617	0.921647477886296	0.950068325221997	NA	"prevalence"	64	10
"Spirosoma"	"Reads"	"Reads"	"Reads"	0.215927008194218	0	0.605348863954654	0.721317557729018	0.851234421717781	0.859173856186056	0.900209025436733	NA	"prevalence"	64	59
"Acidibacter"	"Soil"	"Rhizosphere Soil"	"SoilRhizosphere Soil"	0.463116450750871	0.361621063769622	0.251808426374124	0.725518245921333	0.852424077716153	0.725518245921333	0.778767291493541	NA	"abundance"	64	64
"Chelatococcus_sp._P-102"	"Reads"	"Reads"	"Reads"	-0.13168256677207	-0.0299366818476919	0.284716714022007	0.724304101174357	0.852424077716153	0.029316470527804	0.069763262069554	NA	"abundance"	64	33
"Kineosporia"	"Reads"	"Reads"	"Reads"	0.0347277541812242	-0.0299366818476919	0.180899522921879	0.724982328242599	0.852424077716153	0.724982328242599	0.778767291493541	NA	"abundance"	64	64
"Rhynchosporium_orthosporum"	"Reads"	"Reads"	"Reads"	-0.281441393067971	-0.0299366818476919	0.70437781538352	0.724702424228682	0.852424077716153	0.0386776985560529	0.085652190493215	NA	"abundance"	64	22
"Frigoribacterium"	"Soil"	"Rhizosphere Soil"	"SoilRhizosphere Soil"	0.543557411425098	0.361621063769622	0.504555976185254	0.726998854939389	0.853096737060228	0.726998854939389	0.779165184988475	NA	"abundance"	64	59
"Chitinophaga"	"Soil"	"Rhizosphere Soil"	"SoilRhizosphere Soil"	0.537744891716454	0	1.54434653984639	0.727688321593509	0.853096737060228	0.212085931935126	0.297768648436917	NA	"prevalence"	64	62
"Frankia"	"Soil"	"Rhizosphere Soil"	"SoilRhizosphere Soil"	0.191339193167282	0.361621063769622	0.499999454973142	0.741954601435732	0.866966645878951	0.374413977283788	0.460312805697407	NA	"abundance"	64	51
"Low Abundance OTU Group"	"Reads"	"Reads"	"Reads"	0.0977788893971247	0	0.296015551183679	0.741160651734094	0.866966645878951	0.576243795321163	0.650358752918741	NA	"prevalence"	64	26
"OM27_clade"	"Soil"	"Rhizosphere Soil"	"SoilRhizosphere Soil"	0.691294380569908	0.361621063769622	0.729329087526192	0.750426562799989	0.875907725759987	0.937713099444172	0.962389759955861	NA	"abundance"	64	62
"Aminobacter"	"Reads"	"Reads"	"Reads"	0.0561072811545144	-0.0299366818476919	0.270794236865583	0.75300437205607	0.877957062615592	0.246860342810275	0.333903585072858	NA	"abundance"	64	56
"Chitinophaga"	"Reads"	"Reads"	"Reads"	0.0366361317848794	-0.0299366818476919	0.212256333896112	0.756789699524401	0.87933110728815	0.156166474409005	0.237291915660436	NA	"abundance"	64	62
"Corallococcus"	"Soil"	"Rhizosphere Soil"	"SoilRhizosphere Soil"	0.772144506581731	0.361621063769622	1.30794975032352	0.75622383189731	0.87933110728815	0.670604349079777	0.73442161162871	NA	"abundance"	64	55
"Cytophaga"	"Soil"	"Rhizosphere Soil"	"SoilRhizosphere Soil"	0.673903476411507	0.361621063769622	0.950659706000155	0.755764086976414	0.87933110728815	0.940348818789535	0.963685942759495	NA	"abundance"	64	58
"Polynucleobacter"	"Soil"	"Rhizosphere Soil"	"SoilRhizosphere Soil"	0.229959829503678	0.361621063769622	0.401008211691275	0.757476234742601	0.87933110728815	0.528076192718652	0.604746308790365	NA	"abundance"	64	23
"Aneurinibacillus"	"Soil"	"Rhizosphere Soil"	"SoilRhizosphere Soil"	0.185876290897256	0	0.610177465605879	0.760650553278647	0.882057319111395	0.942711842354182	0.964699290572355	NA	"prevalence"	64	18
"Hirschia"	"Reads"	"Reads"	"Reads"	0.0364007619268056	-0.0299366818476919	0.228273798966148	0.773473499235201	0.893984308586992	0.0497550970441221	0.102128883406356	NA	"abundance"	64	61
"Meganema"	"Reads"	"Reads"	"Reads"	-0.116606210080562	-0.0299366818476919	0.299920881374419	0.775091216260145	0.893984308586992	0.427846156100772	0.512539251847683	NA	"abundance"	64	37
"Sandaracinus"	"Soil"	"Rhizosphere Soil"	"SoilRhizosphere Soil"	0.516655513210076	0.361621063769622	0.523811051916919	0.773937403871941	0.893984308586992	0.773937403871941	0.823187965936519	NA	"abundance"	64	61
"Umezawaea"	"Reads"	"Reads"	"Reads"	-0.0927828313448941	-0.0299366818476919	0.216546853856263	0.775121226359134	0.893984308586992	0.94942953716578	0.96874932425927	NA	"abundance"	64	33
"Procabacter"	"Reads"	"Reads"	"Reads"	0.130418920162057	0	0.450491359484953	0.772195940767244	0.893984308586992	0.772195940767244	0.822582018844621	NA	"prevalence"	64	14
"Tahibacter"	"Reads"	"Reads"	"Reads"	-0.106163355956595	-0.0299366818476919	0.267177590488952	0.777582759597523	0.895855865426273	0.114427914807141	0.189007991046148	NA	"abundance"	64	56
"Domibacillus"	"Reads"	"Reads"	"Reads"	0.050589290492531	-0.0299366818476919	0.287767607025574	0.781442743628754	0.899332812710678	0.630060260330996	0.698739814774659	NA	"abundance"	64	54
"Acidothermus"	"Soil"	"Rhizosphere Soil"	"SoilRhizosphere Soil"	0.197579606961422	0.361621063769622	0.59162162834208	0.786928353253486	0.904383253980771	0.786928353253486	0.834944746824018	NA	"abundance"	64	64
"Desulfosporosinus"	"Reads"	"Reads"	"Reads"	0.0272055654983842	-0.0299366818476919	0.210291605661444	0.789124980868331	0.904383253980771	0.44393608435106	0.526149445254744	NA	"abundance"	64	42
"Clostridium_sensu_stricto_13"	"Soil"	"Rhizosphere Soil"	"SoilRhizosphere Soil"	0.435682200321751	0	1.62978001231451	0.789218345234156	0.904383253980771	0.0665393902102034	0.126434760921616	NA	"prevalence"	64	62
"Umezawaea"	"Reads"	"Reads"	"Reads"	0.0864307414290851	0	0.321654039359011	0.78815504625085	0.904383253980771	0.94942953716578	0.96874932425927	NA	"prevalence"	64	33
"Candidatus_Amoebophilus"	"Reads"	"Reads"	"Reads"	-0.118363918869739	-0.0299366818476919	0.326340162547347	0.792141216804925	0.90482012785846	0.0513214505505171	0.10473156478623	NA	"abundance"	64	13
"Rhodobacter"	"Reads"	"Reads"	"Reads"	0.0471688461843836	-0.0299366818476919	0.286216251933196	0.791727873174429	0.90482012785846	0.131300236207919	0.209330490124309	NA	"abundance"	64	18
"Stenotrophomonas"	"Reads"	"Reads"	"Reads"	0.0605595127424671	-0.0299366818476919	0.339825719665999	0.791174049711146	0.90482012785846	0.0385135243821716	0.0855585256844445	NA	"abundance"	64	56
"Goodfellowiella"	"Soil"	"Rhizosphere Soil"	"SoilRhizosphere Soil"	0.901288907350174	0.361621063769622	0.770290058353344	0.796453674797265	0.908774064832777	0.119926155718302	0.195786421661042	NA	"abundance"	64	56
"CL500-29_marine_group"	"Reads"	"Reads"	"Reads"	-0.0610902020421556	-0.0299366818476919	0.117743623822917	0.79833946621826	0.909953628517718	0.79833946621826	0.845300611289922	NA	"abundance"	64	64
"Pantoea"	"Reads"	"Reads"	"Reads"	0.0677485753491281	-0.0299366818476919	0.392145159356581	0.804440049305571	0.914134971809862	0.132803785950099	0.210447534394965	NA	"abundance"	64	55
"Reyranella"	"Reads"	"Reads"	"Reads"	-0.0578336695094979	-0.0299366818476919	0.106871496076313	0.80382949154546	0.914134971809862	0.80382949154546	0.849831781724267	NA	"abundance"	64	64
"Sphingopyxis"	"Reads"	"Reads"	"Reads"	0.0350321718768004	-0.0299366818476919	0.260685550087452	0.804575724252126	0.914134971809862	0.12161961034043	0.197175442168549	NA	"abundance"	64	59
"Nitratireductor"	"Reads"	"Reads"	"Reads"	0.0205780966713523	-0.0299366818476919	0.207849307072211	0.810366626914255	0.919735980387274	0.154460235382956	0.235719750519207	NA	"abundance"	64	62
"Curtobacterium"	"Reads"	"Reads"	"Reads"	0.0183249343244415	-0.0299366818476919	0.201677812276553	0.813134711035621	0.921413005618781	0.500255929876226	0.581423282736938	NA	"abundance"	64	59
"possible_genus_04"	"Soil"	"Rhizosphere Soil"	"SoilRhizosphere Soil"	0.2815010487509	0	1.19369438967719	0.813569723125946	0.921413005618781	0.527299406261189	0.604746308790365	NA	"prevalence"	64	59
"Pantoea"	"Soil"	"Rhizosphere Soil"	"SoilRhizosphere Soil"	0.653354544925952	0.361621063769622	1.26205706717641	0.818556111489978	0.926078312575526	0.0174383223508903	0.0487064942685219	NA	"abundance"	64	55
"Anoxybacillus"	"Reads"	"Reads"	"Reads"	-0.102085274027117	-0.0299366818476919	0.333145622649407	0.829867245763221	0.937881712672085	0.892158787827348	0.929221764176259	NA	"abundance"	64	48
"Parafilimonas"	"Soil"	"Rhizosphere Soil"	"SoilRhizosphere Soil"	0.44570173983277	0.361621063769622	0.379089389404129	0.834375283990218	0.941979707506927	0.834375283990218	0.879476650692392	NA	"abundance"	64	64
"Marmoricola"	"Soil"	"Rhizosphere Soil"	"SoilRhizosphere Soil"	0.288040131943945	0.361621063769622	0.329351808522098	0.838181431245188	0.945277474730582	0.838181431245188	0.882163965118624	NA	"abundance"	64	64
"Pseudoxanthomonas"	"Reads"	"Reads"	"Reads"	0.0401062981503892	-0.0299366818476919	0.345330902893725	0.84046242917451	0.946850078437107	0.438402957474236	0.522463076118314	NA	"abundance"	64	38
"Spirosoma"	"Soil"	"Rhizosphere Soil"	"SoilRhizosphere Soil"	0.242917622596144	0.361621063769622	0.590669678451459	0.844528147631221	0.950427883740931	0.0727102785675308	0.134317529023061	NA	"abundance"	64	59
"Labrys"	"Reads"	"Reads"	"Reads"	-0.00920634744973266	-0.0299366818476919	0.10249989961988	0.847533338573887	0.951889461190294	0.847533338573887	0.890671262992319	NA	"abundance"	64	64
"Tahibacter"	"Soil"	"Rhizosphere Soil"	"SoilRhizosphere Soil"	0.523482775357912	0.361621063769622	0.812419566263882	0.847609435947537	0.951889461190294	0.506341922839783	0.587524016253764	NA	"abundance"	64	56
"Hirschia"	"Soil"	"Rhizosphere Soil"	"SoilRhizosphere Soil"	0.217253685611779	0.361621063769622	0.749065129334597	0.850151995223777	0.953741944221632	0.451257275490495	0.532407743519878	NA	"abundance"	64	61
"Coxiella"	"Reads"	"Reads"	"Reads"	-0.0815143817417032	-0.0299366818476919	0.275681131233131	0.852881968328449	0.955800568913729	0.309967192507942	0.402711277095154	NA	"abundance"	64	52
"Deinococcus"	"Soil"	"Rhizosphere Soil"	"SoilRhizosphere Soil"	0.308552676018268	0	1.75000111476202	0.860045926428833	0.96281871009014	3.43683461812041e-05	0.000330501082454867	NA	"prevalence"	64	62
"Aquipuribacter"	"Reads"	"Reads"	"Reads"	-0.0959714809406244	-0.0299366818476919	0.368255567729604	0.861376224449228	0.963298227970446	0.479318948771909	0.560803170063134	NA	"abundance"	64	13
"Acidicaldus"	"Soil"	"Rhizosphere Soil"	"SoilRhizosphere Soil"	0.287881336355119	0.361621063769622	0.414157481337106	0.865269973100254	0.966640513881874	0.981847819851594	0.988891204499023	NA	"abundance"	64	62
"Pedosphaera"	"Soil"	"Rhizosphere Soil"	"SoilRhizosphere Soil"	0.161954442045187	0	0.965479846687332	0.866783872361599	0.967319932792254	1.75357782215836e-05	0.000195398671611932	NA	"prevalence"	64	59
"Nitrolancea"	"Reads"	"Reads"	"Reads"	-0.0531071253536113	-0.0299366818476919	0.140709895361786	0.872509238179748	0.972692971164896	0.872509238179748	0.912818904921286	NA	"abundance"	64	64
"Hansschlegelia"	"Soil"	"Rhizosphere Soil"	"SoilRhizosphere Soil"	0.276055747580728	0.361621063769622	0.527499782501774	0.875945941502653	0.975506012017553	0.878098568332034	0.915936396685123	NA	"abundance"	64	22
"Aeromicrobium"	"Reads"	"Reads"	"Reads"	0.00736752543682357	-0.0299366818476919	0.238251799797809	0.877537591845457	0.976260570928071	0.877537591845457	0.915936396685123	NA	"abundance"	64	63
"Talaromyces_phialosporus"	"Reads"	"Reads"	"Reads"	-0.137770094877252	-0.0299366818476919	0.730447723550157	0.883697971438018	0.981198039403952	0.00396859085234782	0.0160665520279542	NA	"abundance"	64	29
"OM27_clade"	"Soil"	"Rhizosphere Soil"	"SoilRhizosphere Soil"	0.262710496872838	0	1.79769972511435	0.883813215268354	0.981198039403952	0.937713099444172	0.962389759955861	NA	"prevalence"	64	62
"Clostridium_sensu_stricto_9"	"Soil"	"Rhizosphere Soil"	"SoilRhizosphere Soil"	0.423918673501013	0.361621063769622	0.463703790116302	0.898194507519205	0.989960509835409	0.513784256084896	0.593218006203285	NA	"abundance"	64	21
"Serratia"	"Soil"	"Rhizosphere Soil"	"SoilRhizosphere Soil"	0.564806424315306	0.361621063769622	1.4636895368826	0.894190568009097	0.989960509835409	0.000899525485316696	0.00517595812042886	NA	"abundance"	64	32
"Acidicaldus"	"Soil"	"Rhizosphere Soil"	"SoilRhizosphere Soil"	-0.50344533599507	0	3.91588570511789	0.897701965359716	0.989960509835409	0.981847819851594	0.988891204499023	NA	"prevalence"	64	62
"Candidatus_Alysiosphaera"	"Soil"	"Rhizosphere Soil"	"SoilRhizosphere Soil"	-0.50344533599507	0	3.91588570511789	0.897701965359716	0.989960509835409	0.37026301137392	0.457613792226218	NA	"prevalence"	64	62
"Defluviicoccus"	"Soil"	"Rhizosphere Soil"	"SoilRhizosphere Soil"	-0.50344533599507	0	3.91588570511789	0.897701965359716	0.989960509835409	1.15461452775877e-09	4.50299665825922e-08	NA	"prevalence"	64	62
"Paucimonas"	"Soil"	"Rhizosphere Soil"	"SoilRhizosphere Soil"	-0.50344533599507	0	3.91588570511789	0.897701965359716	0.989960509835409	0.444453876119748	0.526149445254744	NA	"prevalence"	64	62
"Sphingobium"	"Soil"	"Rhizosphere Soil"	"SoilRhizosphere Soil"	-0.50344533599507	0	3.91588570511789	0.897701965359716	0.989960509835409	9.51548043459876e-11	5.56655605424027e-09	NA	"prevalence"	64	62
"Arenimonas"	"Soil"	"Rhizosphere Soil"	"SoilRhizosphere Soil"	0.279125254788808	0.361621063769622	0.512374707935527	0.908442541256881	0.995540864343448	0.908442541256881	0.940033090386665	NA	"abundance"	64	64
"Neochlamydia"	"Soil"	"Rhizosphere Soil"	"SoilRhizosphere Soil"	0.236541729759436	0.361621063769622	1.02682389874447	0.90682665281526	0.995540864343448	0.383097715085806	0.469344844660098	NA	"abundance"	64	25
"Nordella"	"Reads"	"Reads"	"Reads"	-0.0490354482433934	-0.0299366818476919	0.162497935355801	0.908258881293997	0.995540864343448	0.908258881293997	0.940033090386665	NA	"abundance"	64	64
"Brevibacillus"	"Reads"	"Reads"	"Reads"	-0.0591508789611515	0	0.508324942710888	0.907363823204614	0.995540864343448	0.907363823204614	0.940033090386665	NA	"prevalence"	64	9
"Klebsiella"	"Reads"	"Reads"	"Reads"	0.0336157956935345	0	0.296664017211435	0.909782662546072	0.995540864343448	0.787369547574786	0.834944746824018	NA	"prevalence"	64	25
"Pseudarcicella"	"Reads"	"Reads"	"Reads"	-0.0979771908751887	0	0.859415681555546	0.909234285430977	0.995540864343448	0.909234285430977	0.940033090386665	NA	"prevalence"	64	13
"unidentified_marine_bacterioplankton"	"Soil"	"Rhizosphere Soil"	"SoilRhizosphere Soil"	0.227873528153438	0.361621063769622	1.14570431316369	0.912209201777976	0.997174439609907	0.0482843122102817	0.100580377363851	NA	"abundance"	64	21
"Adhaeribacter"	"Soil"	"Rhizosphere Soil"	"SoilRhizosphere Soil"	0.542281583206134	0.361621063769622	1.61849735248479	0.913767507674757	0.997856542123354	0.00757335114773056	0.0254377631852002	NA	"abundance"	64	46
"Aquamicrobium"	"Soil"	"Rhizosphere Soil"	"SoilRhizosphere Soil"	0.58526024954109	0.361621063769622	1.98303870238731	0.916713204893296	0.999599578215001	0.769796144256139	0.821271874267188	NA	"abundance"	64	36
"Peredibacter"	"Soil"	"Rhizosphere Soil"	"SoilRhizosphere Soil"	15.1033867850649	0	145.341486363626	0.917235568025001	0.999599578215001	2.71073521343265e-12	3.1715601997162e-10	NA	"prevalence"	64	51
"Acidovorax"	"Soil"	"Rhizosphere Soil"	"SoilRhizosphere Soil"	0.339485437267152	0.361621063769622	0.374310909844447	0.955607094058688	1	0.955607094058688	0.972226347868405	NA	"abundance"	64	64
"Actinoallomurus"	"Soil"	"Rhizosphere Soil"	"SoilRhizosphere Soil"	0.316218538213737	0.361621063769622	0.551871518160168	0.936669855138296	1	0.936669855138296	0.962389759955861	NA	"abundance"	64	64
"Aneurinibacillus"	"Soil"	"Rhizosphere Soil"	"SoilRhizosphere Soil"	0.355915749912685	0.361621063769622	0.746316133193366	0.999999906608513	1	0.942711842354182	0.964699290572355	NA	"abundance"	64	18
"Aquicella"	"Soil"	"Rhizosphere Soil"	"SoilRhizosphere Soil"	0.383544031175345	0.361621063769622	0.310157094803458	0.963027330305425	1	0.963027330305425	0.976943910223133	NA	"abundance"	64	64
"Aquipuribacter"	"Soil"	"Rhizosphere Soil"	"SoilRhizosphere Soil"	0.09002736541302	0.361621063769622	0.701104269522647	0.9999659936919	1	0.129907842776776	0.20820846034086	NA	"abundance"	64	13
"Azospira"	"Soil"	"Rhizosphere Soil"	"SoilRhizosphere Soil"	0.306139597297207	0.361621063769622	0.656260565782362	0.936068559311366	1	0.00301074024166915	0.0132736017511576	NA	"abundance"	64	39
"Candidatus_Xiphinematobacter"	"Reads"	"Reads"	"Reads"	-0.0270547452073634	-0.0299366818476919	0.161751244051427	0.986057957868812	1	0.986057957868812	0.991708719805023	NA	"abundance"	64	63
"Catenulispora"	"Soil"	"Rhizosphere Soil"	"SoilRhizosphere Soil"	0.0333721093479859	0.361621063769622	2.25595256912669	0.999992520813919	1	0.00786971298609459	0.0259576855902287	NA	"abundance"	64	20
"Edaphobacter"	"Soil"	"Rhizosphere Soil"	"SoilRhizosphere Soil"	0.3337658321976	0.361621063769622	0.464125847442996	0.953909918999586	1	0.953909918999586	0.971908219358069	NA	"abundance"	64	63
"Effusibacillus"	"Soil"	"Rhizosphere Soil"	"SoilRhizosphere Soil"	0.128341322481694	0.361621063769622	0.748962438796347	0.999743779643244	1	0.494568766735159	0.575766623960334	NA	"abundance"	64	10
"Ferrovibrio"	"Reads"	"Reads"	"Reads"	-0.083059665735146	-0.0299366818476919	0.616831557873067	0.931835134551987	1	0.0755300798560875	0.13771978197136	NA	"abundance"	64	37
"Flavobacterium"	"Reads"	"Reads"	"Reads"	-0.0336349817638309	-0.0299366818476919	0.260082257735743	0.988746020485183	1	0.988746020485183	0.99298956563748	NA	"abundance"	64	63
"Fodinicola"	"Soil"	"Rhizosphere Soil"	"SoilRhizosphere Soil"	-0.496765256047191	0.361621063769622	0.380317675178313	0.999998192380116	1	0.656128886735183	0.721947458445295	NA	"abundance"	64	22
"Geminicoccus"	"Soil"	"Rhizosphere Soil"	"SoilRhizosphere Soil"	0.388488757578592	0.361621063769622	0.477635733245334	0.956753703026347	1	0.146919079149374	0.227675923979825	NA	"abundance"	64	50
"Intestinibacter"	"Reads"	"Reads"	"Reads"	-0.0498046870063134	-0.0299366818476919	0.243434307771733	0.935567472380092	1	0.0727915565271825	0.134317529023061	NA	"abundance"	64	55
"Lysinimonas"	"Soil"	"Rhizosphere Soil"	"SoilRhizosphere Soil"	0.350574142932715	0.361621063769622	0.458697520191799	0.981547598760306	1	0.981547598760306	0.988891204499023	NA	"abundance"	64	64
"Lysobacter"	"Reads"	"Reads"	"Reads"	-0.0387825702311838	-0.0299366818476919	0.258117527094961	0.972886749501946	1	0.972886749501946	0.982685608849447	NA	"abundance"	64	63
"Microcoleus"	"Soil"	"Rhizosphere Soil"	"SoilRhizosphere Soil"	0.468963644035984	0.361621063769622	1.21513331970562	0.930363232729248	1	0.995150720644079	0.996570336508051	NA	"abundance"	64	33
"Micromonospora"	"Reads"	"Reads"	"Reads"	-0.00613878271961029	-0.0299366818476919	0.253729134168567	0.926414583690316	1	0.0165142144699626	0.0467458812819101	NA	"abundance"	64	53
"Ohtaekwangia"	"Reads"	"Reads"	"Reads"	-0.0145099582351707	-0.0299366818476919	0.331263668417112	0.964378084613737	1	0.274071888583341	0.363015973180198	NA	"abundance"	64	10
"Ohtaekwangia"	"Soil"	"Rhizosphere Soil"	"SoilRhizosphere Soil"	0.0364797664073947	0.361621063769622	0.765181424082433	0.995500750070058	1	0.921647477886296	0.950068325221997	NA	"abundance"	64	10
"Opitutus"	"Soil"	"Rhizosphere Soil"	"SoilRhizosphere Soil"	0.359843135675587	0.361621063769622	0.25546793360187	0.995101676185149	1	0.995101676185149	0.996570336508051	NA	"abundance"	64	64
"Pedomicrobium"	"Reads"	"Reads"	"Reads"	-0.0400599641785954	-0.0299366818476919	0.185070932283034	0.957022876772983	1	0.957022876772983	0.972257683783841	NA	"abundance"	64	64
"Peredibacter"	"Reads"	"Reads"	"Reads"	-0.0250960700608444	-0.0299366818476919	0.238232171841686	0.98394829680639	1	0.0415771162705791	0.0898144069401567	NA	"abundance"	64	51
"Propionibacterium"	"Soil"	"Rhizosphere Soil"	"SoilRhizosphere Soil"	0.361621063769622	0.361621063769622	0.942118197575222	1	1	0.850812929555092	0.89278128034032	NA	"abundance"	64	14
"Rhodomicrobium"	"Reads"	"Reads"	"Reads"	-0.0333200498090406	-0.0299366818476919	0.246148354435783	0.989173598348272	1	0.647896940131575	0.714008872798062	NA	"abundance"	64	37
"Rhodovarius"	"Soil"	"Rhizosphere Soil"	"SoilRhizosphere Soil"	0.466846159859102	0.361621063769622	0.597187731368027	0.999988126337387	1	0.0154982547852924	0.0449577473523771	NA	"abundance"	64	17
"Salinibacterium"	"Reads"	"Reads"	"Reads"	-0.0521280805314155	-0.0299366818476919	0.251665418155294	0.930227503328796	1	0.111088752087741	0.184360056656252	NA	"abundance"	64	61
"Sediminibacterium"	"Soil"	"Rhizosphere Soil"	"SoilRhizosphere Soil"	0.4249746609331	0.361621063769622	0.806064049036252	0.940171852123677	1	0.174543452694107	0.258501062850766	NA	"abundance"	64	57
"Taibaiella"	"Reads"	"Reads"	"Reads"	-0.0344356629783752	-0.0299366818476919	0.288575917810697	0.987652171023339	1	0.0527169661755859	0.106649309092972	NA	"abundance"	64	53
"Terrabacter"	"Soil"	"Rhizosphere Soil"	"SoilRhizosphere Soil"	0.381841527374809	0.361621063769622	0.667994448830299	0.979785795780972	1	0.0746993144381064	0.136559684207163	NA	"abundance"	64	59
"Uliginosibacterium"	"Reads"	"Reads"	"Reads"	-0.00416751153602319	-0.0299366818476919	0.308653282809537	0.934214075343695	1	0.110598364341671	0.183981165326666	NA	"abundance"	64	55
"Undibacterium"	"Soil"	"Rhizosphere Soil"	"SoilRhizosphere Soil"	-0.14432724534721	0.361621063769622	0.509112945668586	0.999052256825203	1	0.141702625361957	0.222042953134138	NA	"abundance"	64	15
"Unknown"	"Reads"	"Reads"	"Reads"	-0.0299366818476919	-0.0299366818476919	0.0207516325229908	1	1	1	1	NA	"abundance"	64	64
"Achromobacter"	"Soil"	"Rhizosphere Soil"	"SoilRhizosphere Soil"	12.5341838059293	0	390.138772933764	0.974370372123711	1	0.0214084910761195	0.0562874933911458	NA	"prevalence"	64	63
"Acidisoma"	"Soil"	"Rhizosphere Soil"	"SoilRhizosphere Soil"	12.1525183492634	0	187.692097589363	0.948375363904356	1	0.0584287882405793	0.114893583599122	NA	"prevalence"	64	62
"Acinetobacter"	"Soil"	"Rhizosphere Soil"	"SoilRhizosphere Soil"	14.7360803397001	0	317.494010486959	0.962980495708258	1	0.202014463879501	0.290754121513462	NA	"prevalence"	64	56
"Actinocorallia"	"Soil"	"Rhizosphere Soil"	"SoilRhizosphere Soil"	-15.2638987595681	0	352.601660486753	0.965470876058628	1	2.12917088309996e-05	0.000226466357566087	NA	"prevalence"	64	53
"Actinomadura"	"Soil"	"Rhizosphere Soil"	"SoilRhizosphere Soil"	-13.3388047185297	0	500.941278729782	0.978756853822292	1	0.0449781392934514	0.0951043788674786	NA	"prevalence"	64	62
"Agaricicola"	"Soil"	"Rhizosphere Soil"	"SoilRhizosphere Soil"	16.9699650385647	0	1284.90931322329	0.989462540784828	1	0.365905560997822	0.453826331838288	NA	"prevalence"	64	60
"Alsobacter"	"Soil"	"Rhizosphere Soil"	"SoilRhizosphere Soil"	14.2246621164307	0	254.526881298496	0.955432082848617	1	0.0255223204212537	0.0633097842251594	NA	"prevalence"	64	57
"Belnapia"	"Soil"	"Rhizosphere Soil"	"SoilRhizosphere Soil"	15.9106797210471	0	279.865135379503	0.954663697025744	1	1.85987482275296e-08	5.93469147987537e-07	NA	"prevalence"	64	50
"Bosea"	"Soil"	"Rhizosphere Soil"	"SoilRhizosphere Soil"	11.5576768307208	0	225.335401204391	0.959093643984282	1	0.00631747761628329	0.0225243183324697	NA	"prevalence"	64	63
"Candidatus_Nitrotoga"	"Reads"	"Reads"	"Reads"	0.0402452315910764	0	0.476122789480529	0.932637435814796	1	0.0425957237568914	0.0914440308175467	NA	"prevalence"	64	40
"Candidatus_Odyssella"	"Soil"	"Rhizosphere Soil"	"SoilRhizosphere Soil"	14.1838358714662	0	377.368554569788	0.970017640731573	1	0.031361619628606	0.073631628693249	NA	"prevalence"	64	60
"Chryseolinea"	"Reads"	"Reads"	"Reads"	0.0067241959190185	0	0.392202012103666	0.986321158193093	1	0.0906991418492776	0.159176993945482	NA	"prevalence"	64	55
"Chryseolinea"	"Soil"	"Rhizosphere Soil"	"SoilRhizosphere Soil"	0.0385304007567623	0	0.78391920913424	0.960798972863511	1	0.736169409814154	0.787791045258439	NA	"prevalence"	64	55
"Cohnella"	"Soil"	"Rhizosphere Soil"	"SoilRhizosphere Soil"	-11.9866775590113	0	261.685223060804	0.963465107301762	1	0.144198862554513	0.224451444597047	NA	"prevalence"	64	62
"Coxiella"	"Soil"	"Rhizosphere Soil"	"SoilRhizosphere Soil"	15.2171768478486	0	314.926402001776	0.961461384764223	1	0.408950052751361	0.493164691992847	NA	"prevalence"	64	52
"Cryobacterium"	"Soil"	"Rhizosphere Soil"	"SoilRhizosphere Soil"	17.4202157603573	0	1925.42775702437	0.992781275990258	1	3.71450703240121e-06	5.22713387297596e-05	NA	"prevalence"	64	59
"Cupriavidus"	"Soil"	"Rhizosphere Soil"	"SoilRhizosphere Soil"	16.7741850412174	0	854.828117754145	0.98434421597678	1	6.13671310462014e-06	7.83267745353335e-05	NA	"prevalence"	64	55
"Curtobacterium"	"Soil"	"Rhizosphere Soil"	"SoilRhizosphere Soil"	15.8337351620102	0	814.963123446257	0.984499055604217	1	9.42119963608943e-07	1.61309320598409e-05	NA	"prevalence"	64	59
"Cytophaga"	"Soil"	"Rhizosphere Soil"	"SoilRhizosphere Soil"	-0.111274934616956	0	1.09407971483408	0.918989703520896	1	0.940348818789535	0.963685942759495	NA	"prevalence"	64	58
"Desulfosporosinus"	"Soil"	"Rhizosphere Soil"	"SoilRhizosphere Soil"	-14.7408739678662	0	266.861545144749	0.955948927348433	1	2.28154857449258e-10	1.02681212515955e-08	NA	"prevalence"	64	42
"Haloferula"	"Reads"	"Reads"	"Reads"	0.0198772394927228	0	0.336804526289256	0.952938457078241	1	0.386196019095759	0.472316385723384	NA	"prevalence"	64	57
"Haloferula"	"Soil"	"Rhizosphere Soil"	"SoilRhizosphere Soil"	12.7421525872478	0	164.822777211357	0.938378366028057	1	0.0022111880862933	0.0104882029498506	NA	"prevalence"	64	57
"Herbaspirillum"	"Soil"	"Rhizosphere Soil"	"SoilRhizosphere Soil"	15.0722141026992	0	561.428916911357	0.978582431041952	1	0.0368750130968879	0.0827037034952567	NA	"prevalence"	64	59
"Illumatobacter"	"Soil"	"Rhizosphere Soil"	"SoilRhizosphere Soil"	0.0119358224700618	0	0.553400561563611	0.982792445789194	1	0.000247775029996363	0.0018309270637626	NA	"prevalence"	64	37
"Janthinobacterium"	"Soil"	"Rhizosphere Soil"	"SoilRhizosphere Soil"	-12.6910394425204	0	212.99160560331	0.952486409881171	1	0.000560220148769621	0.00360802334345205	NA	"prevalence"	64	62
"Kaistia"	"Soil"	"Rhizosphere Soil"	"SoilRhizosphere Soil"	16.1030480054176	0	367.832306699527	0.965081178910879	1	0.0610006478153937	0.118621758355696	NA	"prevalence"	64	52
"Methylorosula"	"Soil"	"Rhizosphere Soil"	"SoilRhizosphere Soil"	18.0344416906802	0	1419.03405955306	0.989859993040106	1	0.0226509063823079	0.0589703797067894	NA	"prevalence"	64	55
"Methylotenera"	"Reads"	"Reads"	"Reads"	0.0146313203424407	0	0.34030237179051	0.965705473053206	1	0.472997015972913	0.556187445917898	NA	"prevalence"	64	53
"Microcoleus"	"Soil"	"Rhizosphere Soil"	"SoilRhizosphere Soil"	-0.0481707872768414	0	0.553385428125082	0.9306338000381	1	0.995150720644079	0.996570336508051	NA	"prevalence"	64	33
"Nannocystis"	"Soil"	"Rhizosphere Soil"	"SoilRhizosphere Soil"	0.030519136220731	0	0.567926151530707	0.957144018168661	1	0.549536007887086	0.62625694405314	NA	"prevalence"	64	41
"Nitratireductor"	"Soil"	"Rhizosphere Soil"	"SoilRhizosphere Soil"	12.1525183492634	0	187.692097589363	0.948375363904356	1	0.919978125217344	0.949742123386141	NA	"prevalence"	64	62
"Nitrospira"	"Soil"	"Rhizosphere Soil"	"SoilRhizosphere Soil"	-13.345069796645	0	283.681632786535	0.962479420683907	1	1.36535696732093e-07	2.81906056193909e-06	NA	"prevalence"	64	62
"Oceanobacillus"	"Soil"	"Rhizosphere Soil"	"SoilRhizosphere Soil"	-12.7371950132272	0	424.220847692302	0.976047182603372	1	4.02417700366655e-07	7.43413751729979e-06	NA	"prevalence"	64	61
"Phyllobacterium"	"Soil"	"Rhizosphere Soil"	"SoilRhizosphere Soil"	11.3645275402258	0	210.900947374911	0.95702629649743	1	0.278510210257475	0.367507833835992	NA	"prevalence"	64	63
"Pir4_lineage"	"Soil"	"Rhizosphere Soil"	"SoilRhizosphere Soil"	9.51351301776189	0	160.273593785196	0.952666999785172	1	0.152476754436014	0.23422030987764	NA	"prevalence"	64	63
"Polycyclovorans"	"Reads"	"Reads"	"Reads"	0.00368722791289782	0	0.276363625034376	0.989354984964599	1	0.235963112783271	0.322354332704716	NA	"prevalence"	64	40
"Polynucleobacter"	"Reads"	"Reads"	"Reads"	0.0147416920912352	0	0.29837491252974	0.960595262838059	1	0.136343393713138	0.215569960330231	NA	"prevalence"	64	23
"Pseudarcicella"	"Soil"	"Rhizosphere Soil"	"SoilRhizosphere Soil"	14.5490002564347	0	370.81691706167	0.968703032336939	1	0.968703032336939	0.979869637897019	NA	"prevalence"	64	13
"Pullulanibacillus"	"Reads"	"Reads"	"Reads"	0.0319424978639242	0	0.340198399475056	0.925193571774493	1	0.925193571774493	0.952325348072866	NA	"prevalence"	64	24
"Rubellimicrobium"	"Soil"	"Rhizosphere Soil"	"SoilRhizosphere Soil"	19.2837108173831	0	1028.56629957568	0.985042020300825	1	0.202120763434457	0.290754121513462	NA	"prevalence"	64	45
"Rubrobacter"	"Soil"	"Rhizosphere Soil"	"SoilRhizosphere Soil"	-10.0064580797557	0	175.276134032803	0.954473758655267	1	4.46231659749174e-09	1.64870855338905e-07	NA	"prevalence"	64	63
"Rugosimonospora"	"Soil"	"Rhizosphere Soil"	"SoilRhizosphere Soil"	-15.1125752368343	0	558.320580241648	0.978405563745822	1	0.53701028242874	0.612977590674757	NA	"prevalence"	64	56
"Schlesneria"	"Soil"	"Rhizosphere Soil"	"SoilRhizosphere Soil"	16.1064941950948	0	505.268064505347	0.974570039482274	1	0.349147073049614	0.43999956014172	NA	"prevalence"	64	58
"Shinella"	"Soil"	"Rhizosphere Soil"	"SoilRhizosphere Soil"	16.3811344802241	0	388.279549792357	0.96634801392025	1	0.96634801392025	0.978897988127007	NA	"prevalence"	64	18
"SM1A02"	"Soil"	"Rhizosphere Soil"	"SoilRhizosphere Soil"	-13.5016733606597	0	196.419188528102	0.945197314277546	1	5.64929056165148e-07	9.91450493569835e-06	NA	"prevalence"	64	58
"Solibacillus"	"Soil"	"Rhizosphere Soil"	"SoilRhizosphere Soil"	-14.2222330913603	0	201.259137502978	0.943663364202092	1	1.1908688849371e-07	2.53330290068437e-06	NA	"prevalence"	64	62
"Sphingopyxis"	"Soil"	"Rhizosphere Soil"	"SoilRhizosphere Soil"	18.7953519786467	0	2223.27872266887	0.993254852673909	1	3.13892179905472e-05	0.000310851404056653	NA	"prevalence"	64	59
"Sporosarcina"	"Soil"	"Rhizosphere Soil"	"SoilRhizosphere Soil"	-11.2042347167827	0	120.029564387506	0.925628986708273	1	0.000160436143930862	0.00125140192266072	NA	"prevalence"	64	57
"Streptosporangium"	"Soil"	"Rhizosphere Soil"	"SoilRhizosphere Soil"	-13.6851588678146	0	339.405503731873	0.967837236354392	1	6.93896736592686e-16	1.21778877272016e-13	NA	"prevalence"	64	63
"Sutterella"	"Soil"	"Rhizosphere Soil"	"SoilRhizosphere Soil"	0.0489664916794305	0	0.797585157979955	0.951045881482805	1	2.21257431126658e-05	0.000231824950225245	NA	"prevalence"	64	56
"Turneriella"	"Soil"	"Rhizosphere Soil"	"SoilRhizosphere Soil"	16.6249001613851	0	257.724527535484	0.948566953496522	1	0.948566953496522	0.96874932425927	NA	"prevalence"	64	25
"Xanthomonas"	"Soil"	"Rhizosphere Soil"	"SoilRhizosphere Soil"	15.0177486700329	0	480.810264141387	0.97508272455823	1	2.8105262706131e-06	4.20376560408364e-05	NA	"prevalence"	64	59
"Larkinella"	"Soil"	"Rhizosphere Soil"	"SoilRhizosphere Soil"	1.91420840794139	0	0.717542871626089	0.0076366308585324	0.0353438211630248	0.0158372224667882	0.0453784904966749	"Prevalence association possibly induced by stronger abundance association"	"prevalence"	64	51
"Georgenia"	"Soil"	"Rhizosphere Soil"	"SoilRhizosphere Soil"	-1.51130239795046	0	0.602967279511319	0.0121953130200318	0.0489771968631334	0.00015119561371484	0.00119257663851481	"Prevalence association possibly induced by stronger abundance association"	"prevalence"	64	36
"Fluviicola"	"Soil"	"Rhizosphere Soil"	"SoilRhizosphere Soil"	1.46848169573069	0	0.632554059608568	0.0202592395043632	0.0696897876961253	0.00128816326390023	0.00683141783950028	"Prevalence association possibly induced by stronger abundance association"	"prevalence"	64	47
"Anoxybacillus"	"Soil"	"Rhizosphere Soil"	"SoilRhizosphere Soil"	-1.96102669326998	0	0.85061928964747	0.0211435906140797	0.0714599834678391	7.72997645069394e-05	0.000686891578276854	"Prevalence association possibly induced by stronger abundance association"	"prevalence"	64	48
"Penicillium_digitatum_PHI26"	"Reads"	"Reads"	"Reads"	-1.3236615803979	0	0.58473615641844	0.0235931679224694	0.0765881560522716	0.000421295605594665	0.00284374533776399	"Prevalence association possibly induced by stronger abundance association"	"prevalence"	64	18
"Marisediminicola"	"Soil"	"Rhizosphere Soil"	"SoilRhizosphere Soil"	1.79969744008138	0	0.904292162787368	0.0465719309707754	0.123728413623851	0.000907403691527215	0.00517884058091142	"Prevalence association possibly induced by stronger abundance association"	"prevalence"	64	57
"Woodsholea"	"Soil"	"Rhizosphere Soil"	"SoilRhizosphere Soil"	-1.19492039509528	0	0.601379644502137	0.0469262590319686	0.124052585757778	0.00791302666140874	0.0259576855902287	"Prevalence association possibly induced by stronger abundance association"	"prevalence"	64	39
"Rhodomicrobium"	"Soil"	"Rhizosphere Soil"	"SoilRhizosphere Soil"	-1.11416724216329	0	0.584632063319421	0.0566816080822683	0.142103186459771	0.00373673620893315	0.0152510977829714	"Prevalence association possibly induced by stronger abundance association"	"prevalence"	64	37
"Rudaea"	"Soil"	"Rhizosphere Soil"	"SoilRhizosphere Soil"	-1.34523921813757	0	0.714532752293246	0.0597432357910478	0.146008640331439	0.000101774124640177	0.000840534535263579	"Prevalence association possibly induced by stronger abundance association"	"prevalence"	64	47
"Escherichia-Shigella"	"Reads"	"Reads"	"Reads"	-0.615476360541201	0	0.349560019498525	0.0782862695386886	0.175650705603612	0.000978638870765151	0.00540948415178847	"Prevalence association possibly induced by stronger abundance association"	"prevalence"	64	26
"Domibacillus"	"Soil"	"Rhizosphere Soil"	"SoilRhizosphere Soil"	-1.89274117757652	0	1.09039427709887	0.0825935605893941	0.181501898579162	3.18839118098626e-07	6.0985617851339e-06	"Prevalence association possibly induced by stronger abundance association"	"prevalence"	64	54
"Candidatus_Captivus"	"Soil"	"Rhizosphere Soil"	"SoilRhizosphere Soil"	2.15303315485327	0	1.28204029306028	0.0930779588268517	0.194916196131525	6.64600845881838e-06	8.18508410191317e-05	"Prevalence association possibly induced by stronger abundance association"	"prevalence"	64	60
"Geobacter"	"Soil"	"Rhizosphere Soil"	"SoilRhizosphere Soil"	-0.878667716062403	0	0.599371867772511	0.142653487680185	0.268228740919785	0.000116787430204286	0.000942353747165618	"Prevalence association possibly induced by stronger abundance association"	"prevalence"	64	36
"Albidiferax"	"Soil"	"Rhizosphere Soil"	"SoilRhizosphere Soil"	-1.66309838360753	0	1.14344504943947	0.145818016712373	0.273216915524237	6.94630030783158e-09	2.43815140804888e-07	"Prevalence association possibly induced by stronger abundance association"	"prevalence"	64	55
"Aciditerrimonas"	"Soil"	"Rhizosphere Soil"	"SoilRhizosphere Soil"	-1.53781349028597	0	1.12237837594368	0.170643764590418	0.303009202476817	6.70920764133443e-05	0.000603828687720099	"Prevalence association possibly induced by stronger abundance association"	"prevalence"	64	56
"Thermoactinomyces"	"Reads"	"Reads"	"Reads"	-0.396329058056514	0	0.297498455395448	0.182792692330105	0.319513249441166	0.000662122743128462	0.00407728215505421	"Prevalence association possibly induced by stronger abundance association"	"prevalence"	64	39
"Prosthecobacter"	"Soil"	"Rhizosphere Soil"	"SoilRhizosphere Soil"	1.49945762331733	0	1.31329177014436	0.253555815638258	0.403511212510652	0.0232440206245105	0.0595521988263006	"Prevalence association possibly induced by stronger abundance association"	"prevalence"	64	61
"Salinibacterium"	"Soil"	"Rhizosphere Soil"	"SoilRhizosphere Soil"	1.50412673472089	0	1.31908724849826	0.254170321899556	0.403511212510652	0.0885306210972403	0.156601507456088	"Prevalence association possibly induced by stronger abundance association"	"prevalence"	64	61
"Sclerotinia_borealis"	"Reads"	"Reads"	"Reads"	-0.329861480183884	0	0.328138330079374	0.314775862695505	0.472163794043258	0.0145216045580698	0.0427865017735827	"Prevalence association possibly induced by stronger abundance association"	"prevalence"	64	25
"Tumebacillus"	"Reads"	"Reads"	"Reads"	-0.350410416809666	0	0.356851686481283	0.326124614936969	0.481078851868346	0.0252081099689816	0.0629754206342529	"Prevalence association possibly induced by stronger abundance association"	"prevalence"	64	54
"Acidobacteria_bacterium_Ellin7246"	"Soil"	"Rhizosphere Soil"	"SoilRhizosphere Soil"	-0.59357664386195	0	0.612533100193525	0.332519067408132	0.485814451425288	0.000107099200706183	0.000874228359252795	"Prevalence association possibly induced by stronger abundance association"	"prevalence"	64	38
"Glarea_lozoyensis_74030"	"Reads"	"Reads"	"Reads"	-0.265678271420499	0	0.363309037878826	0.464612114012458	0.620257172206631	0.00790962722501857	0.0259576855902287	"Prevalence association possibly induced by stronger abundance association"	"prevalence"	64	27
"Terriglobus"	"Soil"	"Rhizosphere Soil"	"SoilRhizosphere Soil"	0.987485482686483	0	1.44276022228865	0.493696193912116	0.650144926138274	0.155099641421937	0.23618210038655	"Prevalence association possibly induced by stronger abundance association"	"prevalence"	64	60
"Zymomonas"	"Soil"	"Rhizosphere Soil"	"SoilRhizosphere Soil"	-0.675189870040227	0	1.04230677306051	0.517124529197407	0.671172356247845	2.67609919167796e-05	0.00027226400471854	"Prevalence association possibly induced by stronger abundance association"	"prevalence"	64	56
"Alicyclobacillus"	"Soil"	"Rhizosphere Soil"	"SoilRhizosphere Soil"	-0.34474513821099	0	0.624881225075486	0.581155920769736	0.733741523158009	0.000379180144133217	0.00260965158021096	"Prevalence association possibly induced by stronger abundance association"	"prevalence"	64	16
"Catellatospora"	"Soil"	"Rhizosphere Soil"	"SoilRhizosphere Soil"	-0.319340228559056	0	0.624913205501285	0.609340321643269	0.759364601534436	3.72302982405695e-06	5.22713387297596e-05	"Prevalence association possibly induced by stronger abundance association"	"prevalence"	64	47
"Janibacter"	"Soil"	"Rhizosphere Soil"	"SoilRhizosphere Soil"	-0.331219407904519	0	0.893234274502967	0.710779714258039	0.846279526006227	0.00632092693945374	0.0225243183324697	"Prevalence association possibly induced by stronger abundance association"	"prevalence"	64	57
"Ammoniphilus"	"Reads"	"Reads"	"Reads"	-0.0935261586124823	0	0.281668806331856	0.739856781433341	0.866411230889044	0.0188972233228937	0.0514180262506643	"Prevalence association possibly induced by stronger abundance association"	"prevalence"	64	21
"Aquabacterium"	"Soil"	"Rhizosphere Soil"	"SoilRhizosphere Soil"	-0.0905278622332558	0	0.775560429538716	0.907077395013687	0.995540864343448	0.00148685534219945	0.00767479742811773	"Prevalence association possibly induced by stronger abundance association"	"prevalence"	64	55
"Alicyclobacillus"	"Reads"	"Reads"	"Reads"	-0.00991286686562297	0	0.305916201248563	0.974149981381183	1	0.0145669144214904	0.0427865017735827	"Prevalence association possibly induced by stronger abundance association"	"prevalence"	64	16
"Thermoactinomyces"	"Soil"	"Rhizosphere Soil"	"SoilRhizosphere Soil"	-0.0538099412944376	0	0.573894673833495	0.925297624598969	1	0.000318857408892572	0.00226098889942005	"Prevalence association possibly induced by stronger abundance association"	"prevalence"	64	39
"Agrococcus"	"Reads"	"Reads"	"Reads"	-0.8477283969775	NA	0.383679509352816	0.039616804098424	NA	0.108160270308598	0.181213627104143	"Model may not have converged with 1 eigenvalue close to zero: 8.8e-10"	"abundance"	64	22
"Agrococcus"	"Soil"	"Rhizosphere Soil"	"SoilRhizosphere Soil"	0.735168349927463	NA	1.04513712113379	0.490326103131754	NA	0.00137674706561294	0.00721251074671854	"Model may not have converged with 1 eigenvalue close to zero: 8.8e-10"	"abundance"	64	22
"Alkanindiges"	"Reads"	"Reads"	"Reads"	1.79015385809261	NA	1.48853436699458	0.243893534793322	NA	0.053569606185777	0.107759938433901	"Model may not have converged with 1 eigenvalue close to zero: -1.2e-10"	"abundance"	64	22
"Alkanindiges"	"Soil"	"Rhizosphere Soil"	"SoilRhizosphere Soil"	8.12177837234677	NA	4.2642057634505	0.0720792300797223	NA	0.00499907061019443	0.0191767626686147	"Model may not have converged with 1 eigenvalue close to zero: -1.2e-10"	"abundance"	64	22
"Amaricoccus"	"Reads"	"Reads"	"Reads"	0.487127762851735	NA	0.362885866744697	0.192036350880756	NA	0.00239180392266268	0.0111195122762199	"Model may not have converged with 1 eigenvalue close to zero: 3.7e-10"	"abundance"	64	27
"Amaricoccus"	"Soil"	"Rhizosphere Soil"	"SoilRhizosphere Soil"	2.83874175174636	NA	1.45974106112937	0.0636213822030322	NA	0.000705099562943628	0.00424880764534767	"Model may not have converged with 1 eigenvalue close to zero: 3.7e-10"	"abundance"	64	27
"Brevibacillus"	"Reads"	"Reads"	"Reads"	-0.0716030132162506	NA	0.603171085192628	0.909379066724047	NA	0.907363823204614	0.940033090386665	"Model may not have converged with 1 eigenvalue close to zero: 2.4e-10"	"abundance"	64	9
"Brevibacillus"	"Soil"	"Rhizosphere Soil"	"SoilRhizosphere Soil"	1.35864504522741	NA	1.26599780905078	0.32444380596971	NA	0.233065529409498	0.320709646780718	"Model may not have converged with 1 eigenvalue close to zero: 2.4e-10"	"abundance"	64	9
"Craurococcus"	"Reads"	"Reads"	"Reads"	-0.729104445830364	NA	0.885761239349949	0.420641014325118	NA	0.025405607227117	0.0632437456504829	"Model may not have converged with 1 eigenvalue close to zero: -2.3e-09"	"abundance"	64	22
"Craurococcus"	"Soil"	"Rhizosphere Soil"	"SoilRhizosphere Soil"	-0.878397516008857	NA	2.37032183345044	0.715048504817537	NA	0.00729559877378673	0.0246581844639688	"Model may not have converged with 1 eigenvalue close to zero: -2.3e-09"	"abundance"	64	22
"Dyella"	"Reads"	"Reads"	"Reads"	-0.150171178844157	NA	0.206823904932443	0.479751963621944	NA	0.139289378042729	0.219732906485384	"Model may not have converged with 1 eigenvalue close to zero: -8.5e-10"	"abundance"	64	17
"Dyella"	"Soil"	"Rhizosphere Soil"	"SoilRhizosphere Soil"	0.499822520518354	NA	0.786079753966629	0.535136052264125	NA	0.0684542066535728	0.128833386248815	"Model may not have converged with 1 eigenvalue close to zero: -8.5e-10"	"abundance"	64	17
"Emticicia"	"Reads"	"Reads"	"Reads"	-0.0935643043109924	NA	0.404004036471767	0.818426954767128	NA	0.0539765251142319	0.10808130821706	"Model may not have converged with 1 eigenvalue close to zero: -3.4e-22"	"abundance"	64	33
"Emticicia"	"Soil"	"Rhizosphere Soil"	"SoilRhizosphere Soil"	2.44370181159964	NA	2.13751985608004	0.261979643805216	NA	0.0480865928699568	0.100466631531874	"Model may not have converged with 1 eigenvalue close to zero: -3.4e-22"	"abundance"	64	33
"Fictibacillus"	"Reads"	"Reads"	"Reads"	-0.383563198326301	NA	0.366442871299892	0.310784546838551	NA	0.146242623592281	0.227129030446418	"Model may not have converged with 1 eigenvalue close to zero: -7.0e-11"	"abundance"	64	19
"Fictibacillus"	"Soil"	"Rhizosphere Soil"	"SoilRhizosphere Soil"	0.679814746803823	NA	1.47210197359326	0.650442390503037	NA	0.00354870718196058	0.0146540731866843	"Model may not have converged with 1 eigenvalue close to zero: -7.0e-11"	"abundance"	64	19
"Incertae_Sedis"	"Reads"	"Reads"	"Reads"	-0.344404884196963	NA	0.611769001020032	0.577507644220653	NA	0.0743438042712128	0.136559684207163	"Model may not have converged with 1 eigenvalue close to zero: -6.0e-15"	"abundance"	64	34
"Incertae_Sedis"	"Soil"	"Rhizosphere Soil"	"SoilRhizosphere Soil"	4.46357202669905	NA	3.60467887960243	0.224910980273602	NA	0.00368614738598773	0.0151326050582654	"Model may not have converged with 1 eigenvalue close to zero: -6.0e-15"	"abundance"	64	34
"Luteimonas"	"Reads"	"Reads"	"Reads"	-0.242368198685327	NA	0.321458122692948	0.456216668849394	NA	0.262708176940745	0.349945237594692	"Model may not have converged with 1 eigenvalue close to zero: 2.3e-09"	"abundance"	64	36
"Luteimonas"	"Soil"	"Rhizosphere Soil"	"SoilRhizosphere Soil"	-1.4488508602083	NA	1.11421153196795	0.202494003013632	NA	0.175109853905227	0.258793931455725	"Model may not have converged with 1 eigenvalue close to zero: 2.3e-09"	"abundance"	64	36
"Malawimonas_jakobiformis"	"Reads"	"Reads"	"Reads"	-2.16254392142093	NA	0.711813071895329	0.00566793689600693	NA	0.47613694279358	0.558376924287619	"Model may not have converged with 1 eigenvalue close to zero: -4.2e-10"	"abundance"	64	27
"Malawimonas_jakobiformis"	"Soil"	"Rhizosphere Soil"	"SoilRhizosphere Soil"	1.78478637285884	NA	1.72001939595807	0.309772940423577	NA	0.000226819203049428	0.00173072913631194	"Model may not have converged with 1 eigenvalue close to zero: -4.2e-10"	"abundance"	64	27
"Oligoflexus"	"Reads"	"Reads"	"Reads"	0.116321076860142	NA	0.219078210526307	0.609868479982097	NA	0.0268757394124139	0.0650578243707398	"Model may not have converged with 1 eigenvalue close to zero: 2.7e-09"	"abundance"	64	11
"Oligoflexus"	"Soil"	"Rhizosphere Soil"	"SoilRhizosphere Soil"	0.640225212125403	NA	0.855480604592973	0.475654176406151	NA	0.439851393142342	0.522463076118314	"Model may not have converged with 1 eigenvalue close to zero: 2.7e-09"	"abundance"	64	11
"Paracocccus"	"Reads"	"Reads"	"Reads"	0.384460350116679	NA	0.885193751492658	0.671175363760438	NA	0.0883947872226512	0.156601507456088	"Model may not have converged with 1 eigenvalue close to zero: 7.6e-10"	"abundance"	64	16
"Paracocccus"	"Soil"	"Rhizosphere Soil"	"SoilRhizosphere Soil"	2.66430996859306	NA	2.08716061392995	0.224103346217374	NA	0.0115531854756013	0.0351251443796842	"Model may not have converged with 1 eigenvalue close to zero: 7.6e-10"	"abundance"	64	16
"Plantactinospora"	"Reads"	"Reads"	"Reads"	-1.13254257224842	NA	2.01234272742908	0.58596779493152	NA	0.452887056256055	0.53343408303985	"Model may not have converged with 1 eigenvalue close to zero: 4.9e-10"	"abundance"	64	13
"Plantactinospora"	"Soil"	"Rhizosphere Soil"	"SoilRhizosphere Soil"	1.34879303259793	NA	4.89847471941837	0.788653365967278	NA	0.0221360693690508	0.0579832861831107	"Model may not have converged with 1 eigenvalue close to zero: 4.9e-10"	"abundance"	64	13
"Procabacter"	"Reads"	"Reads"	"Reads"	-1.7324696424379	NA	0.532744434727129	0.00770817491028733	NA	0.772195940767244	0.822582018844621	"Model may not have converged with 1 eigenvalue close to zero: 2.0e-10"	"abundance"	64	14
"Procabacter"	"Soil"	"Rhizosphere Soil"	"SoilRhizosphere Soil"	0.0211899582768621	NA	0.895687331345827	0.981549307363388	NA	0.0314764118934323	0.0736548038306317	"Model may not have converged with 1 eigenvalue close to zero: 2.0e-10"	"abundance"	64	14
"Pseudarcicella"	"Reads"	"Reads"	"Reads"	NA	NA	NA	NA	NA	0.909234285430977	0.940033090386665	"No data points have the baseline factor level"	"abundance"	64	13
"Pseudarcicella"	"Soil"	"Rhizosphere Soil"	"SoilRhizosphere Soil"	NA	NA	NA	NA	NA	0.968703032336939	0.979869637897019	"No data points have the baseline factor level"	"abundance"	64	13
"Pullulanibacillus"	"Reads"	"Reads"	"Reads"	-0.352188387197296	NA	0.748335722701928	0.642757325411089	NA	0.925193571774493	0.952325348072866	"Model may not have converged with 1 eigenvalue close to zero: -5.2e-11"	"abundance"	64	24
"Pullulanibacillus"	"Soil"	"Rhizosphere Soil"	"SoilRhizosphere Soil"	1.37372835029302	NA	1.15942823470822	0.249319786856325	NA	0.0113702617737298	0.0348555622932678	"Model may not have converged with 1 eigenvalue close to zero: -5.2e-11"	"abundance"	64	24
"Quadrisphaera"	"Reads"	"Reads"	"Reads"	-0.384356446236481	NA	0.190902542377442	0.0506724085186678	NA	0.0174487224933593	0.0487064942685219	"Model may not have converged with 1 eigenvalue close to zero: 5.7e-10"	"abundance"	64	44
"Quadrisphaera"	"Soil"	"Rhizosphere Soil"	"SoilRhizosphere Soil"	1.47774074234552	NA	1.31528050970391	0.267753417997313	NA	4.1682395342145e-06	5.73745912356584e-05	"Model may not have converged with 1 eigenvalue close to zero: 5.7e-10"	"abundance"	64	44
"Rubritepida"	"Reads"	"Reads"	"Reads"	-0.158603474870189	NA	0.424105385529497	0.712174478022242	NA	0.00869787400232922	0.0278681107670157	"Model may not have converged with 1 eigenvalue close to zero: 1.2e-09"	"abundance"	64	24
"Rubritepida"	"Soil"	"Rhizosphere Soil"	"SoilRhizosphere Soil"	1.79570137368326	NA	1.77984376073059	0.324502385999882	NA	0.0019109671829306	0.0093811116252957	"Model may not have converged with 1 eigenvalue close to zero: 1.2e-09"	"abundance"	64	24
"Shinella"	"Reads"	"Reads"	"Reads"	NA	NA	NA	NA	NA	0.419727842295542	0.50367341075465	"No data points have the baseline factor level"	"abundance"	64	18
"Shinella"	"Soil"	"Rhizosphere Soil"	"SoilRhizosphere Soil"	NA	NA	NA	NA	NA	0.96634801392025	0.978897988127007	"No data points have the baseline factor level"	"abundance"	64	18
"Thalassospira"	"Reads"	"Reads"	"Reads"	-0.167228343926887	NA	0.264137894083222	0.530014739880597	NA	0.0067022355573631	0.0233510917519742	"Model may not have converged with 1 eigenvalue close to zero: 3.7e-10"	"abundance"	64	46
"Thalassospira"	"Soil"	"Rhizosphere Soil"	"SoilRhizosphere Soil"	3.79664658244839	NA	2.70134875592415	0.167067885965539	NA	7.43026176862929e-06	8.99317889927201e-05	"Model may not have converged with 1 eigenvalue close to zero: 3.7e-10"	"abundance"	64	46
"Truepera"	"Reads"	"Reads"	"Reads"	-0.468084039692889	NA	0.551249412614857	0.407606291472402	NA	0.0162973469617707	0.0465070632811505	"Model may not have converged with 1 eigenvalue close to zero: 7.8e-10"	"abundance"	64	20
"Truepera"	"Soil"	"Rhizosphere Soil"	"SoilRhizosphere Soil"	1.3497110066582	NA	1.68188237623735	0.433339997355685	NA	0.00343620429020745	0.0145314181429255	"Model may not have converged with 1 eigenvalue close to zero: 7.8e-10"	"abundance"	64	20
"Turneriella"	"Reads"	"Reads"	"Reads"	NA	NA	NA	NA	NA	0.401324340681815	0.487421604080681	"No data points have the baseline factor level"	"abundance"	64	25
"Turneriella"	"Soil"	"Rhizosphere Soil"	"SoilRhizosphere Soil"	NA	NA	NA	NA	NA	0.948566953496522	0.96874932425927	"No data points have the baseline factor level"	"abundance"	64	25
"Verrucomicrobium"	"Reads"	"Reads"	"Reads"	-0.660415103656182	NA	0.269033678102471	0.0217282286162086	NA	0.0654283411272897	0.125493703473654	"Model may not have converged with 1 eigenvalue close to zero: -1.1e-09"	"abundance"	64	27
"Verrucomicrobium"	"Soil"	"Rhizosphere Soil"	"SoilRhizosphere Soil"	0.270161668181975	NA	0.926856697194907	0.773187485703481	NA	0.0132131579848397	0.039639473954519	"Model may not have converged with 1 eigenvalue close to zero: -1.1e-09"	"abundance"	64	27
"Acidibacter"	"Reads"	"Reads"	"Reads"	NA	0	NA	NA	NA	0.00232674648712439	0.0108891735597422	"All logistic values are the same"	"prevalence"	64	64
"Acidibacter"	"Soil"	"Rhizosphere Soil"	"SoilRhizosphere Soil"	NA	0	NA	NA	NA	0.725518245921333	0.778767291493541	"All logistic values are the same"	"prevalence"	64	64
"Acidiphilium"	"Reads"	"Reads"	"Reads"	NA	0	NA	NA	NA	0.0666394039045555	0.126434760921616	"All logistic values are the same"	"prevalence"	64	64
"Acidiphilium"	"Soil"	"Rhizosphere Soil"	"SoilRhizosphere Soil"	NA	0	NA	NA	NA	0.274633803436656	0.363075197763715	"All logistic values are the same"	"prevalence"	64	64
"Acidobacterium"	"Reads"	"Reads"	"Reads"	NA	0	NA	NA	NA	0.70337096178598	0.761985208601479	"All logistic values are the same"	"prevalence"	64	64
"Acidobacterium"	"Soil"	"Rhizosphere Soil"	"SoilRhizosphere Soil"	NA	0	NA	NA	NA	0.566957279953054	0.642979015391024	"All logistic values are the same"	"prevalence"	64	64
"Acidocella"	"Soil"	"Rhizosphere Soil"	"SoilRhizosphere Soil"	-17.9590202728747	0	143.702298415926	0.90054430344604	NA	0.211888813789886	0.297768648436917	"A large coefficient (>15 in absolute value) or small p-value
                (< 10^-10) was obtained from a feature present in >95% of
                samples. Check this is intended."	"prevalence"	64	63
"Acidothermus"	"Reads"	"Reads"	"Reads"	NA	0	NA	NA	NA	0.0627331045181889	0.121318565762448	"All logistic values are the same"	"prevalence"	64	64
"Acidothermus"	"Soil"	"Rhizosphere Soil"	"SoilRhizosphere Soil"	NA	0	NA	NA	NA	0.786928353253486	0.834944746824018	"All logistic values are the same"	"prevalence"	64	64
"Acidovorax"	"Reads"	"Reads"	"Reads"	NA	0	NA	NA	NA	0.351813384445606	0.441100049121385	"All logistic values are the same"	"prevalence"	64	64
"Acidovorax"	"Soil"	"Rhizosphere Soil"	"SoilRhizosphere Soil"	NA	0	NA	NA	NA	0.955607094058688	0.972226347868405	"All logistic values are the same"	"prevalence"	64	64
"Actinoallomurus"	"Reads"	"Reads"	"Reads"	NA	0	NA	NA	NA	0.147997326554293	0.228841681147828	"All logistic values are the same"	"prevalence"	64	64
"Actinoallomurus"	"Soil"	"Rhizosphere Soil"	"SoilRhizosphere Soil"	NA	0	NA	NA	NA	0.936669855138296	0.962389759955861	"All logistic values are the same"	"prevalence"	64	64
"Actinomycetospora"	"Reads"	"Reads"	"Reads"	54.9537317478952	0	54685.159265962	0.999198196963693	NA	0.713034544371634	0.770077307921365	"A large coefficient (>15 in absolute value) or small p-value
                (< 10^-10) was obtained from a feature present in >95% of
                samples. Check this is intended."	"prevalence"	64	63
"Actinomycetospora"	"Soil"	"Rhizosphere Soil"	"SoilRhizosphere Soil"	49.3137299154826	0	11014103.9916291	0.999996427611019	NA	0.511167371872503	0.592144381278048	"A large coefficient (>15 in absolute value) or small p-value
                (< 10^-10) was obtained from a feature present in >95% of
                samples. Check this is intended."	"prevalence"	64	63
"Actinoplanes"	"Reads"	"Reads"	"Reads"	NA	0	NA	NA	NA	0.0593706200935279	0.116201992950575	"All logistic values are the same"	"prevalence"	64	64
"Actinoplanes"	"Soil"	"Rhizosphere Soil"	"SoilRhizosphere Soil"	NA	0	NA	NA	NA	7.84234108232889e-12	7.86474777113554e-10	"All logistic values are the same"	"prevalence"	64	64
"Aeromicrobium"	"Reads"	"Reads"	"Reads"	54.9537317478952	0	54685.159265962	0.999198196963693	NA	0.877537591845457	0.915936396685123	"A large coefficient (>15 in absolute value) or small p-value
                (< 10^-10) was obtained from a feature present in >95% of
                samples. Check this is intended."	"prevalence"	64	63
"Aeromicrobium"	"Soil"	"Rhizosphere Soil"	"SoilRhizosphere Soil"	49.3137299154826	0	11014103.9916291	0.999996427611019	NA	0.00199222227751751	0.00964510371598131	"A large coefficient (>15 in absolute value) or small p-value
                (< 10^-10) was obtained from a feature present in >95% of
                samples. Check this is intended."	"prevalence"	64	63
"Afipia"	"Reads"	"Reads"	"Reads"	54.9537317478952	0	54685.159265962	0.999198196963693	NA	0.00401912796997835	0.0160922895835351	"A large coefficient (>15 in absolute value) or small p-value
                (< 10^-10) was obtained from a feature present in >95% of
                samples. Check this is intended."	"prevalence"	64	63
"Afipia"	"Soil"	"Rhizosphere Soil"	"SoilRhizosphere Soil"	49.3137299154826	0	11014103.9916291	0.999996427611019	NA	3.20128293066245e-05	0.000312125085739589	"A large coefficient (>15 in absolute value) or small p-value
                (< 10^-10) was obtained from a feature present in >95% of
                samples. Check this is intended."	"prevalence"	64	63
"Altererythrobacter"	"Reads"	"Reads"	"Reads"	54.9537317478952	0	54685.159265962	0.999198196963693	NA	0.00559437207892332	0.0205615141330061	"A large coefficient (>15 in absolute value) or small p-value
                (< 10^-10) was obtained from a feature present in >95% of
                samples. Check this is intended."	"prevalence"	64	63
"Altererythrobacter"	"Soil"	"Rhizosphere Soil"	"SoilRhizosphere Soil"	49.3137299154826	0	11014103.9916291	0.999996427611019	NA	2.34031253597617e-10	1.02681212515955e-08	"A large coefficient (>15 in absolute value) or small p-value
                (< 10^-10) was obtained from a feature present in >95% of
                samples. Check this is intended."	"prevalence"	64	63
"Amnibacterium"	"Reads"	"Reads"	"Reads"	933.754723832756	0	9172236.73602458	0.999918773522983	NA	0.165078271609884	0.247667164783548	"A large coefficient (>15 in absolute value) or small p-value
                (< 10^-10) was obtained from a feature present in >95% of
                samples. Check this is intended."	"prevalence"	64	62
"Amnibacterium"	"Soil"	"Rhizosphere Soil"	"SoilRhizosphere Soil"	-58.4264596293914	0	18344473.4720492	0.999997458767615	NA	0.333750736780403	0.424443871775078	"A large coefficient (>15 in absolute value) or small p-value
                (< 10^-10) was obtained from a feature present in >95% of
                samples. Check this is intended."	"prevalence"	64	62
"Amycolatopsis"	"Reads"	"Reads"	"Reads"	NA	0	NA	NA	NA	0.221232136591669	0.308144761681253	"pwrssUpdate did not converge in (maxit) iterations"	"prevalence"	64	63
"Amycolatopsis"	"Soil"	"Rhizosphere Soil"	"SoilRhizosphere Soil"	NA	0	NA	NA	NA	0.216501743403609	0.302757418066402	"pwrssUpdate did not converge in (maxit) iterations"	"prevalence"	64	63
"Anaeromyxobacter"	"Reads"	"Reads"	"Reads"	NA	0	NA	NA	NA	0.052597176650555	0.106649309092972	"All logistic values are the same"	"prevalence"	64	64
"Anaeromyxobacter"	"Soil"	"Rhizosphere Soil"	"SoilRhizosphere Soil"	NA	0	NA	NA	NA	0.699166869756311	0.758601456829877	"All logistic values are the same"	"prevalence"	64	64
"Angustibacter"	"Reads"	"Reads"	"Reads"	NA	0	NA	NA	NA	0.658867865766744	0.723826669433888	"All logistic values are the same"	"prevalence"	64	64
"Angustibacter"	"Soil"	"Rhizosphere Soil"	"SoilRhizosphere Soil"	NA	0	NA	NA	NA	0.0195709547999169	0.0526391198066731	"All logistic values are the same"	"prevalence"	64	64
"Aquicella"	"Reads"	"Reads"	"Reads"	NA	0	NA	NA	NA	0.000254547782231014	0.00186138065756429	"All logistic values are the same"	"prevalence"	64	64
"Aquicella"	"Soil"	"Rhizosphere Soil"	"SoilRhizosphere Soil"	NA	0	NA	NA	NA	0.963027330305425	0.976943910223133	"All logistic values are the same"	"prevalence"	64	64
"Arenimonas"	"Reads"	"Reads"	"Reads"	NA	0	NA	NA	NA	0.000932678963437721	0.00524401018779678	"All logistic values are the same"	"prevalence"	64	64
"Arenimonas"	"Soil"	"Rhizosphere Soil"	"SoilRhizosphere Soil"	NA	0	NA	NA	NA	0.908442541256881	0.940033090386665	"All logistic values are the same"	"prevalence"	64	64
"Arthrobacter"	"Reads"	"Reads"	"Reads"	NA	0	NA	NA	NA	0.0192983571141317	0.0521055642081556	"All logistic values are the same"	"prevalence"	64	64
"Arthrobacter"	"Soil"	"Rhizosphere Soil"	"SoilRhizosphere Soil"	NA	0	NA	NA	NA	0.00455544121630491	0.0179658412013823	"All logistic values are the same"	"prevalence"	64	64
"Asticcacaulis"	"Reads"	"Reads"	"Reads"	NA	0	NA	NA	NA	0.00192534367722688	0.00938605042648105	"All logistic values are the same"	"prevalence"	64	64
"Asticcacaulis"	"Soil"	"Rhizosphere Soil"	"SoilRhizosphere Soil"	NA	0	NA	NA	NA	2.31085647531517e-10	1.02681212515955e-08	"All logistic values are the same"	"prevalence"	64	64
"Bacillus"	"Reads"	"Reads"	"Reads"	NA	0	NA	NA	NA	0.207417396196788	0.294944239586851	"All logistic values are the same"	"prevalence"	64	64
"Bacillus"	"Soil"	"Rhizosphere Soil"	"SoilRhizosphere Soil"	NA	0	NA	NA	NA	0.00312234657602646	0.0136142068097551	"All logistic values are the same"	"prevalence"	64	64
"Bauldia"	"Reads"	"Reads"	"Reads"	NA	0	NA	NA	NA	0.0470926234184824	0.0986836466858945	"All logistic values are the same"	"prevalence"	64	64
"Bauldia"	"Soil"	"Rhizosphere Soil"	"SoilRhizosphere Soil"	NA	0	NA	NA	NA	0.199367800953053	0.289165694770751	"All logistic values are the same"	"prevalence"	64	64
"Bdellovibrio"	"Reads"	"Reads"	"Reads"	NA	0	NA	NA	NA	0.0939583073408597	0.162284284905683	"All logistic values are the same"	"prevalence"	64	64
"Bdellovibrio"	"Soil"	"Rhizosphere Soil"	"SoilRhizosphere Soil"	NA	0	NA	NA	NA	8.28490571857973e-08	1.93866793814766e-06	"All logistic values are the same"	"prevalence"	64	64
"Blastocatella"	"Reads"	"Reads"	"Reads"	NA	0	NA	NA	NA	0.0226809152718421	0.0589703797067894	"All logistic values are the same"	"prevalence"	64	64
"Blastocatella"	"Soil"	"Rhizosphere Soil"	"SoilRhizosphere Soil"	NA	0	NA	NA	NA	8.85862872720135e-08	2.0060507633856e-06	"All logistic values are the same"	"prevalence"	64	64
"Blastochloris"	"Reads"	"Reads"	"Reads"	141.625856819241	0	8629299.08014089	0.999986904952127	NA	0.0010300243192788	0.00564903962604467	"A large coefficient (>15 in absolute value) or small p-value
                (< 10^-10) was obtained from a feature present in >95% of
                samples. Check this is intended."	"prevalence"	64	61
"Blastochloris"	"Soil"	"Rhizosphere Soil"	"SoilRhizosphere Soil"	-37.7590442213079	0	16736421.3744553	0.999998199892454	NA	0.289954712775362	0.37975412009012	"A large coefficient (>15 in absolute value) or small p-value
                (< 10^-10) was obtained from a feature present in >95% of
                samples. Check this is intended."	"prevalence"	64	61
"Blastococcus"	"Reads"	"Reads"	"Reads"	NA	0	NA	NA	NA	0.0594252357111914	0.116201992950575	"All logistic values are the same"	"prevalence"	64	64
"Blastococcus"	"Soil"	"Rhizosphere Soil"	"SoilRhizosphere Soil"	NA	0	NA	NA	NA	0.0432242909056659	0.0925105250481019	"All logistic values are the same"	"prevalence"	64	64
"Bradyrhizobium"	"Reads"	"Reads"	"Reads"	NA	0	NA	NA	NA	0.319972235714707	0.411392874490337	"All logistic values are the same"	"prevalence"	64	64
"Bradyrhizobium"	"Soil"	"Rhizosphere Soil"	"SoilRhizosphere Soil"	NA	0	NA	NA	NA	0.184351945756484	0.269614720668857	"All logistic values are the same"	"prevalence"	64	64
"Brevundimonas"	"Soil"	"Rhizosphere Soil"	"SoilRhizosphere Soil"	23.3922967837989	0	37389.2751477865	0.999500810027632	NA	1.45842791093547e-05	0.000167838753028967	"A large coefficient (>15 in absolute value) or small p-value
                (< 10^-10) was obtained from a feature present in >95% of
                samples. Check this is intended."	"prevalence"	64	61
"Bryobacter"	"Reads"	"Reads"	"Reads"	NA	0	NA	NA	NA	0.000502572161013654	0.00326671904658875	"All logistic values are the same"	"prevalence"	64	64
"Bryobacter"	"Soil"	"Rhizosphere Soil"	"SoilRhizosphere Soil"	NA	0	NA	NA	NA	0.717751750792537	0.77398115062421	"All logistic values are the same"	"prevalence"	64	64
"Burkholderia"	"Reads"	"Reads"	"Reads"	NA	0	NA	NA	NA	0.598953944784209	0.669531320443494	"All logistic values are the same"	"prevalence"	64	64
"Burkholderia"	"Soil"	"Rhizosphere Soil"	"SoilRhizosphere Soil"	NA	0	NA	NA	NA	0.00166264984699311	0.00833700137563686	"All logistic values are the same"	"prevalence"	64	64
"Byssovorax"	"Reads"	"Reads"	"Reads"	NA	0	NA	NA	NA	0.161251376929644	0.24343756259056	"All logistic values are the same"	"prevalence"	64	64
"Byssovorax"	"Soil"	"Rhizosphere Soil"	"SoilRhizosphere Soil"	NA	0	NA	NA	NA	0.0200979089891893	0.0538501225588203	"All logistic values are the same"	"prevalence"	64	64
"Candidatus_Koribacter"	"Reads"	"Reads"	"Reads"	54.9537317478952	0	54685.159265962	0.999198196963693	NA	0.0551581494275524	0.110002900278812	"A large coefficient (>15 in absolute value) or small p-value
                (< 10^-10) was obtained from a feature present in >95% of
                samples. Check this is intended."	"prevalence"	64	63
"Candidatus_Koribacter"	"Soil"	"Rhizosphere Soil"	"SoilRhizosphere Soil"	49.3137299154826	0	11014103.9916291	0.999996427611019	NA	0.000825368647465114	0.00482840658767092	"A large coefficient (>15 in absolute value) or small p-value
                (< 10^-10) was obtained from a feature present in >95% of
                samples. Check this is intended."	"prevalence"	64	63
"Candidatus_Methylacidiphilum"	"Reads"	"Reads"	"Reads"	NA	0	NA	NA	NA	0.69638315374903	0.756750733640587	"(maxstephalfit) PIRLS step-halvings failed to reduce deviance in pwrssUpdate"	"prevalence"	64	62
"Candidatus_Methylacidiphilum"	"Soil"	"Rhizosphere Soil"	"SoilRhizosphere Soil"	NA	0	NA	NA	NA	0.203268758512765	0.291213609134614	"(maxstephalfit) PIRLS step-halvings failed to reduce deviance in pwrssUpdate"	"prevalence"	64	62
"Candidatus_Microthrix"	"Reads"	"Reads"	"Reads"	NA	0	NA	NA	NA	0.000240352204319447	0.00179497071736438	"All logistic values are the same"	"prevalence"	64	64
"Candidatus_Microthrix"	"Soil"	"Rhizosphere Soil"	"SoilRhizosphere Soil"	NA	0	NA	NA	NA	0.00117433708890699	0.00634142028009775	"All logistic values are the same"	"prevalence"	64	64
"Candidatus_Nostocoida"	"Reads"	"Reads"	"Reads"	NA	0	NA	NA	NA	8.14513349214692e-08	1.93866793814766e-06	"All logistic values are the same"	"prevalence"	64	64
"Candidatus_Nostocoida"	"Soil"	"Rhizosphere Soil"	"SoilRhizosphere Soil"	NA	0	NA	NA	NA	5.62893230401874e-06	7.31761199522436e-05	"All logistic values are the same"	"prevalence"	64	64
"Candidatus_Protochlamydia"	"Reads"	"Reads"	"Reads"	NA	0	NA	NA	NA	0.0442392417271451	0.0941089324013813	"All logistic values are the same"	"prevalence"	64	64
"Candidatus_Protochlamydia"	"Soil"	"Rhizosphere Soil"	"SoilRhizosphere Soil"	NA	0	NA	NA	NA	0.249619540628989	0.336339572978024	"All logistic values are the same"	"prevalence"	64	64
"Candidatus_Solibacter"	"Reads"	"Reads"	"Reads"	NA	0	NA	NA	NA	0.00286216150752435	0.0128743197485075	"All logistic values are the same"	"prevalence"	64	64
"Candidatus_Solibacter"	"Soil"	"Rhizosphere Soil"	"SoilRhizosphere Soil"	NA	0	NA	NA	NA	0.37313982739418	0.459551155843358	"All logistic values are the same"	"prevalence"	64	64
"Candidatus_Xiphinematobacter"	"Reads"	"Reads"	"Reads"	54.9537317478952	0	54685.159265962	0.999198196963693	NA	0.986057957868812	0.991708719805023	"A large coefficient (>15 in absolute value) or small p-value
                (< 10^-10) was obtained from a feature present in >95% of
                samples. Check this is intended."	"prevalence"	64	63
"Candidatus_Xiphinematobacter"	"Soil"	"Rhizosphere Soil"	"SoilRhizosphere Soil"	49.3137299154826	0	11014103.9916291	0.999996427611019	NA	0.359404740788592	0.44734419864112	"A large coefficient (>15 in absolute value) or small p-value
                (< 10^-10) was obtained from a feature present in >95% of
                samples. Check this is intended."	"prevalence"	64	63
"Caulobacter"	"Reads"	"Reads"	"Reads"	54.9537317478952	0	54685.159265962	0.999198196963693	NA	0.00520770752775468	0.019629870554776	"A large coefficient (>15 in absolute value) or small p-value
                (< 10^-10) was obtained from a feature present in >95% of
                samples. Check this is intended."	"prevalence"	64	63
"Caulobacter"	"Soil"	"Rhizosphere Soil"	"SoilRhizosphere Soil"	49.3137299154826	0	11014103.9916291	0.999996427611019	NA	1.4012702437539e-05	0.000163948618519207	"A large coefficient (>15 in absolute value) or small p-value
                (< 10^-10) was obtained from a feature present in >95% of
                samples. Check this is intended."	"prevalence"	64	63
"Cellulomonas"	"Reads"	"Reads"	"Reads"	54.9537317478952	0	54685.159265962	0.999198196963693	NA	0.405619926965644	0.490939980568763	"A large coefficient (>15 in absolute value) or small p-value
                (< 10^-10) was obtained from a feature present in >95% of
                samples. Check this is intended."	"prevalence"	64	63
"Cellulomonas"	"Soil"	"Rhizosphere Soil"	"SoilRhizosphere Soil"	49.3137299154826	0	11014103.9916291	0.999996427611019	NA	0.0292137049768282	0.069763262069554	"A large coefficient (>15 in absolute value) or small p-value
                (< 10^-10) was obtained from a feature present in >95% of
                samples. Check this is intended."	"prevalence"	64	63
"Chryseobacterium"	"Soil"	"Rhizosphere Soil"	"SoilRhizosphere Soil"	15.6477718683263	0	11.9686697610249	0.191078796917639	NA	9.98653442431014e-09	3.33835579326939e-07	"A large coefficient (>15 in absolute value) or small p-value
                (< 10^-10) was obtained from a feature present in >95% of
                samples. Check this is intended."	"prevalence"	64	62
"Chthoniobacter"	"Reads"	"Reads"	"Reads"	NA	0	NA	NA	NA	0.0889380979571306	0.156870715492225	"All logistic values are the same"	"prevalence"	64	64
"Chthoniobacter"	"Soil"	"Rhizosphere Soil"	"SoilRhizosphere Soil"	NA	0	NA	NA	NA	0.104583841246346	0.177238714134561	"All logistic values are the same"	"prevalence"	64	64
"Chthonomonas"	"Reads"	"Reads"	"Reads"	NA	0	NA	NA	NA	0.581222217782468	0.653874995005276	"All logistic values are the same"	"prevalence"	64	64
"Chthonomonas"	"Soil"	"Rhizosphere Soil"	"SoilRhizosphere Soil"	NA	0	NA	NA	NA	0.389488995300874	0.475515260349936	"All logistic values are the same"	"prevalence"	64	64
"CL500-29_marine_group"	"Reads"	"Reads"	"Reads"	NA	0	NA	NA	NA	0.79833946621826	0.845300611289922	"All logistic values are the same"	"prevalence"	64	64
"CL500-29_marine_group"	"Soil"	"Rhizosphere Soil"	"SoilRhizosphere Soil"	NA	0	NA	NA	NA	0.000487039827456186	0.00319534541003965	"All logistic values are the same"	"prevalence"	64	64
"Conexibacter"	"Reads"	"Reads"	"Reads"	54.9537317478952	0	54685.159265962	0.999198196963693	NA	0.0437702736387677	0.0933943224754253	"A large coefficient (>15 in absolute value) or small p-value
                (< 10^-10) was obtained from a feature present in >95% of
                samples. Check this is intended."	"prevalence"	64	63
"Conexibacter"	"Soil"	"Rhizosphere Soil"	"SoilRhizosphere Soil"	49.3137299154826	0	11014103.9916291	0.999996427611019	NA	0.584684315931797	0.655668354287734	"A large coefficient (>15 in absolute value) or small p-value
                (< 10^-10) was obtained from a feature present in >95% of
                samples. Check this is intended."	"prevalence"	64	63
"Crossiella"	"Reads"	"Reads"	"Reads"	NA	0	NA	NA	NA	0.126940489269716	0.205327703841799	"All logistic values are the same"	"prevalence"	64	64
"Crossiella"	"Soil"	"Rhizosphere Soil"	"SoilRhizosphere Soil"	NA	0	NA	NA	NA	9.84759859805021e-05	0.000822977882837054	"All logistic values are the same"	"prevalence"	64	64
"Cryptosporangium"	"Reads"	"Reads"	"Reads"	933.754723832756	0	9172236.73602458	0.999918773522983	NA	0.156576026102078	0.237400367869674	"A large coefficient (>15 in absolute value) or small p-value
                (< 10^-10) was obtained from a feature present in >95% of
                samples. Check this is intended."	"prevalence"	64	62
"Cryptosporangium"	"Soil"	"Rhizosphere Soil"	"SoilRhizosphere Soil"	-58.4264596293914	0	18344473.4720492	0.999997458767615	NA	0.719943021676585	0.775153376099636	"A large coefficient (>15 in absolute value) or small p-value
                (< 10^-10) was obtained from a feature present in >95% of
                samples. Check this is intended."	"prevalence"	64	62
"Dactylosporangium"	"Reads"	"Reads"	"Reads"	NA	0	NA	NA	NA	0.233451039180836	0.320709646780718	"All logistic values are the same"	"prevalence"	64	64
"Dactylosporangium"	"Soil"	"Rhizosphere Soil"	"SoilRhizosphere Soil"	NA	0	NA	NA	NA	0.0453390038063447	0.0955795215376995	"All logistic values are the same"	"prevalence"	64	64
"Devosia"	"Reads"	"Reads"	"Reads"	NA	0	NA	NA	NA	0.00226994181145671	0.0106946251788095	"All logistic values are the same"	"prevalence"	64	64
"Devosia"	"Soil"	"Rhizosphere Soil"	"SoilRhizosphere Soil"	NA	0	NA	NA	NA	1.45437205876213e-15	2.04193837050203e-13	"All logistic values are the same"	"prevalence"	64	64
"Dokdonella"	"Reads"	"Reads"	"Reads"	NA	0	NA	NA	NA	0.281317455899625	0.370515673623896	"All logistic values are the same"	"prevalence"	64	64
"Dokdonella"	"Soil"	"Rhizosphere Soil"	"SoilRhizosphere Soil"	NA	0	NA	NA	NA	0.0525303000123436	0.106649309092972	"All logistic values are the same"	"prevalence"	64	64
"Dongia"	"Reads"	"Reads"	"Reads"	NA	0	NA	NA	NA	0.000810316045862869	0.00478018373273726	"All logistic values are the same"	"prevalence"	64	64
"Dongia"	"Soil"	"Rhizosphere Soil"	"SoilRhizosphere Soil"	NA	0	NA	NA	NA	3.2529959429873e-06	4.75750656661892e-05	"All logistic values are the same"	"prevalence"	64	64
"Duganella"	"Reads"	"Reads"	"Reads"	NA	0	NA	NA	NA	0.0572882303397825	0.113927302262117	"All logistic values are the same"	"prevalence"	64	64
"Duganella"	"Soil"	"Rhizosphere Soil"	"SoilRhizosphere Soil"	NA	0	NA	NA	NA	0.621372115491412	0.691288787757482	"All logistic values are the same"	"prevalence"	64	64
"Edaphobacter"	"Reads"	"Reads"	"Reads"	54.9537317478952	0	54685.159265962	0.999198196963693	NA	0.17689831096633	0.260340910478749	"A large coefficient (>15 in absolute value) or small p-value
                (< 10^-10) was obtained from a feature present in >95% of
                samples. Check this is intended."	"prevalence"	64	63
"Edaphobacter"	"Soil"	"Rhizosphere Soil"	"SoilRhizosphere Soil"	49.3137299154826	0	11014103.9916291	0.999996427611019	NA	0.953909918999586	0.971908219358069	"A large coefficient (>15 in absolute value) or small p-value
                (< 10^-10) was obtained from a feature present in >95% of
                samples. Check this is intended."	"prevalence"	64	63
"Elstera"	"Reads"	"Reads"	"Reads"	54.9537317478952	0	54685.159265962	0.999198196963693	NA	0.0447690557319383	0.0949482692562558	"A large coefficient (>15 in absolute value) or small p-value
                (< 10^-10) was obtained from a feature present in >95% of
                samples. Check this is intended."	"prevalence"	64	63
"Elstera"	"Soil"	"Rhizosphere Soil"	"SoilRhizosphere Soil"	49.3137299154826	0	11014103.9916291	0.999996427611019	NA	8.63204512225286e-05	0.000730083816364038	"A large coefficient (>15 in absolute value) or small p-value
                (< 10^-10) was obtained from a feature present in >95% of
                samples. Check this is intended."	"prevalence"	64	63
"Erythrobacter"	"Reads"	"Reads"	"Reads"	54.9537317478952	0	54685.159265962	0.999198196963693	NA	0.00873359596687101	0.0278681107670157	"A large coefficient (>15 in absolute value) or small p-value
                (< 10^-10) was obtained from a feature present in >95% of
                samples. Check this is intended."	"prevalence"	64	63
"Erythrobacter"	"Soil"	"Rhizosphere Soil"	"SoilRhizosphere Soil"	49.3137299154826	0	11014103.9916291	0.999996427611019	NA	1.8656500232312e-06	3.04509320951768e-05	"A large coefficient (>15 in absolute value) or small p-value
                (< 10^-10) was obtained from a feature present in >95% of
                samples. Check this is intended."	"prevalence"	64	63
"Ferruginibacter"	"Reads"	"Reads"	"Reads"	NA	0	NA	NA	NA	0.234250940730097	0.321180000766656	"All logistic values are the same"	"prevalence"	64	64
"Ferruginibacter"	"Soil"	"Rhizosphere Soil"	"SoilRhizosphere Soil"	NA	0	NA	NA	NA	0.0250748580976794	0.0629754206342529	"All logistic values are the same"	"prevalence"	64	64
"Flavisolibacter"	"Reads"	"Reads"	"Reads"	NA	0	NA	NA	NA	0.0228792965512804	0.0590664086305753	"All logistic values are the same"	"prevalence"	64	64
"Flavisolibacter"	"Soil"	"Rhizosphere Soil"	"SoilRhizosphere Soil"	NA	0	NA	NA	NA	0.00272358748383837	0.0124153143743801	"All logistic values are the same"	"prevalence"	64	64
"Flavitalea"	"Reads"	"Reads"	"Reads"	54.9537317478952	0	54685.159265962	0.999198196963693	NA	0.0343338847302799	0.0785094041715194	"A large coefficient (>15 in absolute value) or small p-value
                (< 10^-10) was obtained from a feature present in >95% of
                samples. Check this is intended."	"prevalence"	64	63
"Flavitalea"	"Soil"	"Rhizosphere Soil"	"SoilRhizosphere Soil"	49.3137299154826	0	11014103.9916291	0.999996427611019	NA	3.17695334718101e-08	8.57777403738874e-07	"A large coefficient (>15 in absolute value) or small p-value
                (< 10^-10) was obtained from a feature present in >95% of
                samples. Check this is intended."	"prevalence"	64	63
"Flavobacterium"	"Reads"	"Reads"	"Reads"	54.9537317478952	0	54685.159265962	0.999198196963693	NA	0.988746020485183	0.99298956563748	"A large coefficient (>15 in absolute value) or small p-value
                (< 10^-10) was obtained from a feature present in >95% of
                samples. Check this is intended."	"prevalence"	64	63
"Flavobacterium"	"Soil"	"Rhizosphere Soil"	"SoilRhizosphere Soil"	49.3137299154826	0	11014103.9916291	0.999996427611019	NA	4.5909455503088e-06	6.19777649291688e-05	"A large coefficient (>15 in absolute value) or small p-value
                (< 10^-10) was obtained from a feature present in >95% of
                samples. Check this is intended."	"prevalence"	64	63
"Friedmanniella"	"Reads"	"Reads"	"Reads"	NA	0	NA	NA	NA	0.000694186054996094	0.00423755313571529	"All logistic values are the same"	"prevalence"	64	64
"Friedmanniella"	"Soil"	"Rhizosphere Soil"	"SoilRhizosphere Soil"	NA	0	NA	NA	NA	0.132076522244613	0.209768594153209	"All logistic values are the same"	"prevalence"	64	64
"Frigoribacterium"	"Reads"	"Reads"	"Reads"	NA	0	NA	NA	NA	0.361339397205025	0.448956206792793	"(maxstephalfit) PIRLS step-halvings failed to reduce deviance in pwrssUpdate"	"prevalence"	64	59
"Frigoribacterium"	"Soil"	"Rhizosphere Soil"	"SoilRhizosphere Soil"	NA	0	NA	NA	NA	0.726998854939389	0.779165184988475	"(maxstephalfit) PIRLS step-halvings failed to reduce deviance in pwrssUpdate"	"prevalence"	64	59
"Gaiella"	"Reads"	"Reads"	"Reads"	NA	0	NA	NA	NA	0.078796097697333	0.142932456288185	"All logistic values are the same"	"prevalence"	64	64
"Gaiella"	"Soil"	"Rhizosphere Soil"	"SoilRhizosphere Soil"	NA	0	NA	NA	NA	3.1711874590785e-08	8.57777403738874e-07	"All logistic values are the same"	"prevalence"	64	64
"Gemmata"	"Reads"	"Reads"	"Reads"	NA	0	NA	NA	NA	0.0507878193718631	0.103944749851452	"All logistic values are the same"	"prevalence"	64	64
"Gemmata"	"Soil"	"Rhizosphere Soil"	"SoilRhizosphere Soil"	NA	0	NA	NA	NA	0.177878926687492	0.261236415344393	"All logistic values are the same"	"prevalence"	64	64
"Gemmatimonas"	"Reads"	"Reads"	"Reads"	NA	0	NA	NA	NA	0.000233269200080449	0.0017608062199621	"All logistic values are the same"	"prevalence"	64	64
"Gemmatimonas"	"Soil"	"Rhizosphere Soil"	"SoilRhizosphere Soil"	NA	0	NA	NA	NA	0.635956691257157	0.704166557196411	"All logistic values are the same"	"prevalence"	64	64
"Geodermatophilus"	"Reads"	"Reads"	"Reads"	NA	0	NA	NA	NA	0.439150368971906	0.522463076118314	"All logistic values are the same"	"prevalence"	64	64
"Geodermatophilus"	"Soil"	"Rhizosphere Soil"	"SoilRhizosphere Soil"	NA	0	NA	NA	NA	0.0234184167240797	0.0597742844006462	"All logistic values are the same"	"prevalence"	64	64
"Granulicella"	"Reads"	"Reads"	"Reads"	NA	0	NA	NA	NA	0.00721434520198923	0.024584807435905	"All logistic values are the same"	"prevalence"	64	64
"Granulicella"	"Soil"	"Rhizosphere Soil"	"SoilRhizosphere Soil"	NA	0	NA	NA	NA	0.0375285189683824	0.0839013385853644	"All logistic values are the same"	"prevalence"	64	64
"Haliangium"	"Reads"	"Reads"	"Reads"	NA	0	NA	NA	NA	0.0991566409998027	0.16977551702893	"All logistic values are the same"	"prevalence"	64	64
"Haliangium"	"Soil"	"Rhizosphere Soil"	"SoilRhizosphere Soil"	NA	0	NA	NA	NA	0.351874683059794	0.441100049121385	"All logistic values are the same"	"prevalence"	64	64
"Hydrotalea"	"Reads"	"Reads"	"Reads"	54.9537317478952	0	54685.159265962	0.999198196963693	NA	0.450150768500251	0.531996362773024	"A large coefficient (>15 in absolute value) or small p-value
                (< 10^-10) was obtained from a feature present in >95% of
                samples. Check this is intended."	"prevalence"	64	63
"Hydrotalea"	"Soil"	"Rhizosphere Soil"	"SoilRhizosphere Soil"	49.3137299154826	0	11014103.9916291	0.999996427611019	NA	1.78157781718715e-10	9.62052021281063e-09	"A large coefficient (>15 in absolute value) or small p-value
                (< 10^-10) was obtained from a feature present in >95% of
                samples. Check this is intended."	"prevalence"	64	63
"Hymenobacter"	"Reads"	"Reads"	"Reads"	NA	0	NA	NA	NA	0.40956554904819	0.493164691992847	"pwrssUpdate did not converge in (maxit) iterations"	"prevalence"	64	63
"Hymenobacter"	"Soil"	"Rhizosphere Soil"	"SoilRhizosphere Soil"	NA	0	NA	NA	NA	0.0415807439537762	0.0898144069401567	"pwrssUpdate did not converge in (maxit) iterations"	"prevalence"	64	63
"Hyphomicrobium"	"Reads"	"Reads"	"Reads"	NA	0	NA	NA	NA	0.316673228919845	0.408648174084064	"All logistic values are the same"	"prevalence"	64	64
"Hyphomicrobium"	"Soil"	"Rhizosphere Soil"	"SoilRhizosphere Soil"	NA	0	NA	NA	NA	2.17082044666455e-11	1.69323994839835e-09	"All logistic values are the same"	"prevalence"	64	64
"Iamia"	"Reads"	"Reads"	"Reads"	NA	0	NA	NA	NA	0.0383639539556432	0.0854968116725764	"All logistic values are the same"	"prevalence"	64	64
"Iamia"	"Soil"	"Rhizosphere Soil"	"SoilRhizosphere Soil"	NA	0	NA	NA	NA	0.00057216557702851	0.00365145668249104	"All logistic values are the same"	"prevalence"	64	64
"Inquilinus"	"Reads"	"Reads"	"Reads"	54.9537317478952	0	54685.159265962	0.999198196963693	NA	5.95067648348378e-05	0.000549654590974423	"A large coefficient (>15 in absolute value) or small p-value
                (< 10^-10) was obtained from a feature present in >95% of
                samples. Check this is intended."	"prevalence"	64	63
"Inquilinus"	"Soil"	"Rhizosphere Soil"	"SoilRhizosphere Soil"	49.3137299154826	0	11014103.9916291	0.999996427611019	NA	0.250748824248325	0.336569167537904	"A large coefficient (>15 in absolute value) or small p-value
                (< 10^-10) was obtained from a feature present in >95% of
                samples. Check this is intended."	"prevalence"	64	63
"Isosphaera"	"Reads"	"Reads"	"Reads"	NA	0	NA	NA	NA	0.000128618469188946	0.00102602460648454	"All logistic values are the same"	"prevalence"	64	64
"Isosphaera"	"Soil"	"Rhizosphere Soil"	"SoilRhizosphere Soil"	NA	0	NA	NA	NA	0.51720491497376	0.595209590674721	"All logistic values are the same"	"prevalence"	64	64
"Jatrophihabitans"	"Reads"	"Reads"	"Reads"	NA	0	NA	NA	NA	0.016408438661411	0.0466345098797997	"All logistic values are the same"	"prevalence"	64	64
"Jatrophihabitans"	"Soil"	"Rhizosphere Soil"	"SoilRhizosphere Soil"	NA	0	NA	NA	NA	0.0134522664085939	0.0401850681652464	"All logistic values are the same"	"prevalence"	64	64
"Kineosporia"	"Reads"	"Reads"	"Reads"	NA	0	NA	NA	NA	0.724982328242599	0.778767291493541	"All logistic values are the same"	"prevalence"	64	64
"Kineosporia"	"Soil"	"Rhizosphere Soil"	"SoilRhizosphere Soil"	NA	0	NA	NA	NA	0.224161767178903	0.311218575668247	"All logistic values are the same"	"prevalence"	64	64
"Kribbella"	"Reads"	"Reads"	"Reads"	NA	0	NA	NA	NA	0.000708134607557944	0.00424880764534767	"All logistic values are the same"	"prevalence"	64	64
"Kribbella"	"Soil"	"Rhizosphere Soil"	"SoilRhizosphere Soil"	NA	0	NA	NA	NA	4.33307330316853e-10	1.78930438754371e-08	"All logistic values are the same"	"prevalence"	64	64
"Ktedonobacter"	"Reads"	"Reads"	"Reads"	NA	0	NA	NA	NA	0.00398230776761258	0.0160665520279542	"All logistic values are the same"	"prevalence"	64	64
"Ktedonobacter"	"Soil"	"Rhizosphere Soil"	"SoilRhizosphere Soil"	NA	0	NA	NA	NA	2.33961492457606e-05	0.000241530834860647	"All logistic values are the same"	"prevalence"	64	64
"Labrys"	"Reads"	"Reads"	"Reads"	NA	0	NA	NA	NA	0.847533338573887	0.890671262992319	"All logistic values are the same"	"prevalence"	64	64
"Labrys"	"Soil"	"Rhizosphere Soil"	"SoilRhizosphere Soil"	NA	0	NA	NA	NA	0.00323417446389384	0.0140147560102066	"All logistic values are the same"	"prevalence"	64	64
"Legionella"	"Reads"	"Reads"	"Reads"	NA	0	NA	NA	NA	0.000802996655216546	0.00477714959289843	"All logistic values are the same"	"prevalence"	64	64
"Legionella"	"Soil"	"Rhizosphere Soil"	"SoilRhizosphere Soil"	NA	0	NA	NA	NA	0.0761813544799062	0.138547437422006	"All logistic values are the same"	"prevalence"	64	64
"Leifsonia"	"Soil"	"Rhizosphere Soil"	"SoilRhizosphere Soil"	15.6477718683263	0	11.9686697610249	0.191078796917639	NA	5.05268261737476e-20	3.54698319739708e-17	"A large coefficient (>15 in absolute value) or small p-value
                (< 10^-10) was obtained from a feature present in >95% of
                samples. Check this is intended."	"prevalence"	64	62
"Limnobacter"	"Reads"	"Reads"	"Reads"	54.9537317478952	0	54685.159265962	0.999198196963693	NA	8.67811099336093e-06	0.000103254812158294	"A large coefficient (>15 in absolute value) or small p-value
                (< 10^-10) was obtained from a feature present in >95% of
                samples. Check this is intended."	"prevalence"	64	63
"Limnobacter"	"Soil"	"Rhizosphere Soil"	"SoilRhizosphere Soil"	49.3137299154826	0	11014103.9916291	0.999996427611019	NA	0.259917702886439	0.34688636392829	"A large coefficient (>15 in absolute value) or small p-value
                (< 10^-10) was obtained from a feature present in >95% of
                samples. Check this is intended."	"prevalence"	64	63
"Luedemannella"	"Reads"	"Reads"	"Reads"	NA	0	NA	NA	NA	0.202533853874762	0.290754121513462	"All logistic values are the same"	"prevalence"	64	64
"Luedemannella"	"Soil"	"Rhizosphere Soil"	"SoilRhizosphere Soil"	NA	0	NA	NA	NA	0.116671433587203	0.191362958827608	"All logistic values are the same"	"prevalence"	64	64
"Luteibacter"	"Reads"	"Reads"	"Reads"	NA	0	NA	NA	NA	0.0608147761661546	0.118588813524001	"All logistic values are the same"	"prevalence"	64	64
"Luteibacter"	"Soil"	"Rhizosphere Soil"	"SoilRhizosphere Soil"	NA	0	NA	NA	NA	0.00047962115950353	0.00317635899973092	"All logistic values are the same"	"prevalence"	64	64
"Luteolibacter"	"Reads"	"Reads"	"Reads"	933.754723832756	0	9172236.73602458	0.999918773522983	NA	0.342121065867597	0.432736915746042	"A large coefficient (>15 in absolute value) or small p-value
                (< 10^-10) was obtained from a feature present in >95% of
                samples. Check this is intended."	"prevalence"	64	62
"Luteolibacter"	"Soil"	"Rhizosphere Soil"	"SoilRhizosphere Soil"	-58.4264596293914	0	18344473.4720492	0.999997458767615	NA	0.214611269093012	0.30071279621416	"A large coefficient (>15 in absolute value) or small p-value
                (< 10^-10) was obtained from a feature present in >95% of
                samples. Check this is intended."	"prevalence"	64	62
"Lysinibacillus"	"Reads"	"Reads"	"Reads"	NA	0	NA	NA	NA	0.0721340536832555	0.133963242554617	"All logistic values are the same"	"prevalence"	64	64
"Lysinibacillus"	"Soil"	"Rhizosphere Soil"	"SoilRhizosphere Soil"	NA	0	NA	NA	NA	2.70484982180663e-07	5.42515592830931e-06	"All logistic values are the same"	"prevalence"	64	64
"Lysinimonas"	"Reads"	"Reads"	"Reads"	NA	0	NA	NA	NA	0.061857208641378	0.119955139409523	"All logistic values are the same"	"prevalence"	64	64
"Lysinimonas"	"Soil"	"Rhizosphere Soil"	"SoilRhizosphere Soil"	NA	0	NA	NA	NA	0.981547598760306	0.988891204499023	"All logistic values are the same"	"prevalence"	64	64
"Lysobacter"	"Reads"	"Reads"	"Reads"	54.9537317478952	0	54685.159265962	0.999198196963693	NA	0.972886749501946	0.982685608849447	"A large coefficient (>15 in absolute value) or small p-value
                (< 10^-10) was obtained from a feature present in >95% of
                samples. Check this is intended."	"prevalence"	64	63
"Lysobacter"	"Soil"	"Rhizosphere Soil"	"SoilRhizosphere Soil"	49.3137299154826	0	11014103.9916291	0.999996427611019	NA	0.000261456188104018	0.00189218808297959	"A large coefficient (>15 in absolute value) or small p-value
                (< 10^-10) was obtained from a feature present in >95% of
                samples. Check this is intended."	"prevalence"	64	63
"Marmoricola"	"Reads"	"Reads"	"Reads"	NA	0	NA	NA	NA	0.0714627829528626	0.133391871291822	"All logistic values are the same"	"prevalence"	64	64
"Marmoricola"	"Soil"	"Rhizosphere Soil"	"SoilRhizosphere Soil"	NA	0	NA	NA	NA	0.838181431245188	0.882163965118624	"All logistic values are the same"	"prevalence"	64	64
"Massilia"	"Reads"	"Reads"	"Reads"	NA	0	NA	NA	NA	0.488188089200052	0.569282456176805	"All logistic values are the same"	"prevalence"	64	64
"Massilia"	"Soil"	"Rhizosphere Soil"	"SoilRhizosphere Soil"	NA	0	NA	NA	NA	5.55012313376184e-07	9.91450493569835e-06	"All logistic values are the same"	"prevalence"	64	64
"Mesorhizobium"	"Reads"	"Reads"	"Reads"	NA	0	NA	NA	NA	0.20624482214325	0.294276148667807	"All logistic values are the same"	"prevalence"	64	64
"Mesorhizobium"	"Soil"	"Rhizosphere Soil"	"SoilRhizosphere Soil"	NA	0	NA	NA	NA	1.90860543046692e-06	3.04509320951768e-05	"All logistic values are the same"	"prevalence"	64	64
"Methylobacterium"	"Reads"	"Reads"	"Reads"	NA	0	NA	NA	NA	4.92780659940261e-05	0.000461242697704084	"All logistic values are the same"	"prevalence"	64	64
"Methylobacterium"	"Soil"	"Rhizosphere Soil"	"SoilRhizosphere Soil"	NA	0	NA	NA	NA	0.000604051875649243	0.00378611086344436	"All logistic values are the same"	"prevalence"	64	64
"Microbacterium"	"Reads"	"Reads"	"Reads"	54.9537317478952	0	54685.159265962	0.999198196963693	NA	0.48145472508268	0.56236475375714	"A large coefficient (>15 in absolute value) or small p-value
                (< 10^-10) was obtained from a feature present in >95% of
                samples. Check this is intended."	"prevalence"	64	63
"Microbacterium"	"Soil"	"Rhizosphere Soil"	"SoilRhizosphere Soil"	49.3137299154826	0	11014103.9916291	0.999996427611019	NA	0.00405591372862012	0.0160922895835351	"A large coefficient (>15 in absolute value) or small p-value
                (< 10^-10) was obtained from a feature present in >95% of
                samples. Check this is intended."	"prevalence"	64	63
"Microlunatus"	"Reads"	"Reads"	"Reads"	NA	0	NA	NA	NA	0.33054022268004	0.422657989656445	"All logistic values are the same"	"prevalence"	64	64
"Microlunatus"	"Soil"	"Rhizosphere Soil"	"SoilRhizosphere Soil"	NA	0	NA	NA	NA	4.41357883479797e-08	1.14753049704747e-06	"All logistic values are the same"	"prevalence"	64	64
"Microvirga"	"Reads"	"Reads"	"Reads"	54.9537317478952	0	54685.159265962	0.999198196963693	NA	0.182561475319559	0.267553560906744	"A large coefficient (>15 in absolute value) or small p-value
                (< 10^-10) was obtained from a feature present in >95% of
                samples. Check this is intended."	"prevalence"	64	63
"Microvirga"	"Soil"	"Rhizosphere Soil"	"SoilRhizosphere Soil"	49.3137299154826	0	11014103.9916291	0.999996427611019	NA	0.367606317289455	0.455131630929802	"A large coefficient (>15 in absolute value) or small p-value
                (< 10^-10) was obtained from a feature present in >95% of
                samples. Check this is intended."	"prevalence"	64	63
"Modestobacter"	"Reads"	"Reads"	"Reads"	54.9537317478952	0	54685.159265962	0.999198196963693	NA	0.000651786420300994	0.00404915103585219	"A large coefficient (>15 in absolute value) or small p-value
                (< 10^-10) was obtained from a feature present in >95% of
                samples. Check this is intended."	"prevalence"	64	63
"Modestobacter"	"Soil"	"Rhizosphere Soil"	"SoilRhizosphere Soil"	49.3137299154826	0	11014103.9916291	0.999996427611019	NA	0.201026198510762	0.290371175626656	"A large coefficient (>15 in absolute value) or small p-value
                (< 10^-10) was obtained from a feature present in >95% of
                samples. Check this is intended."	"prevalence"	64	63
"Mucilaginibacter"	"Reads"	"Reads"	"Reads"	NA	0	NA	NA	NA	0.67910553838947	0.740267217312745	"All logistic values are the same"	"prevalence"	64	64
"Mucilaginibacter"	"Soil"	"Rhizosphere Soil"	"SoilRhizosphere Soil"	NA	0	NA	NA	NA	0.00497994146229018	0.0191767626686147	"All logistic values are the same"	"prevalence"	64	64
"Mycobacterium"	"Reads"	"Reads"	"Reads"	NA	0	NA	NA	NA	9.81431262511254e-08	2.15301483213406e-06	"All logistic values are the same"	"prevalence"	64	64
"Mycobacterium"	"Soil"	"Rhizosphere Soil"	"SoilRhizosphere Soil"	NA	0	NA	NA	NA	0.0401658732746053	0.0879303468955636	"All logistic values are the same"	"prevalence"	64	64
"Nakamurella"	"Reads"	"Reads"	"Reads"	NA	0	NA	NA	NA	0.0186514059600761	0.0510048495314392	"All logistic values are the same"	"prevalence"	64	64
"Nakamurella"	"Soil"	"Rhizosphere Soil"	"SoilRhizosphere Soil"	NA	0	NA	NA	NA	0.007753003050461	0.0259171816258268	"All logistic values are the same"	"prevalence"	64	64
"Nitrolancea"	"Reads"	"Reads"	"Reads"	NA	0	NA	NA	NA	0.872509238179748	0.912818904921286	"All logistic values are the same"	"prevalence"	64	64
"Nitrolancea"	"Soil"	"Rhizosphere Soil"	"SoilRhizosphere Soil"	NA	0	NA	NA	NA	0.0351022928363118	0.0794897082938415	"All logistic values are the same"	"prevalence"	64	64
"Nitrosospira"	"Soil"	"Rhizosphere Soil"	"SoilRhizosphere Soil"	-15.4778759352361	0	494.099415149474	0.975010011290771	NA	0.00730612873006482	0.0246581844639688	"A large coefficient (>15 in absolute value) or small p-value
                (< 10^-10) was obtained from a feature present in >95% of
                samples. Check this is intended."	"prevalence"	64	63
"Nocardioides"	"Reads"	"Reads"	"Reads"	NA	0	NA	NA	NA	0.0018599223021623	0.00919482715576009	"All logistic values are the same"	"prevalence"	64	64
"Nocardioides"	"Soil"	"Rhizosphere Soil"	"SoilRhizosphere Soil"	NA	0	NA	NA	NA	0.00835875633126951	0.0269359409280483	"All logistic values are the same"	"prevalence"	64	64
"Nordella"	"Reads"	"Reads"	"Reads"	NA	0	NA	NA	NA	0.908258881293997	0.940033090386665	"All logistic values are the same"	"prevalence"	64	64
"Nordella"	"Soil"	"Rhizosphere Soil"	"SoilRhizosphere Soil"	NA	0	NA	NA	NA	0.236025821951886	0.322354332704716	"All logistic values are the same"	"prevalence"	64	64
"Noviherbaspirillum"	"Reads"	"Reads"	"Reads"	NA	0	NA	NA	NA	0.315735985814162	0.408189064533226	"All logistic values are the same"	"prevalence"	64	64
"Noviherbaspirillum"	"Soil"	"Rhizosphere Soil"	"SoilRhizosphere Soil"	NA	0	NA	NA	NA	1.069462348211e-17	3.75381284222062e-15	"All logistic values are the same"	"prevalence"	64	64
"Novosphingobium"	"Reads"	"Reads"	"Reads"	54.9537317478952	0	54685.159265962	0.999198196963693	NA	0.00543493431423484	0.0200806520452256	"A large coefficient (>15 in absolute value) or small p-value
                (< 10^-10) was obtained from a feature present in >95% of
                samples. Check this is intended."	"prevalence"	64	63
"Novosphingobium"	"Soil"	"Rhizosphere Soil"	"SoilRhizosphere Soil"	49.3137299154826	0	11014103.9916291	0.999996427611019	NA	0.00349357895515632	0.0146540731866843	"A large coefficient (>15 in absolute value) or small p-value
                (< 10^-10) was obtained from a feature present in >95% of
                samples. Check this is intended."	"prevalence"	64	63
"Opitutus"	"Reads"	"Reads"	"Reads"	NA	0	NA	NA	NA	0.148684591835135	0.229399084545637	"All logistic values are the same"	"prevalence"	64	64
"Opitutus"	"Soil"	"Rhizosphere Soil"	"SoilRhizosphere Soil"	NA	0	NA	NA	NA	0.995101676185149	0.996570336508051	"All logistic values are the same"	"prevalence"	64	64
"Paenibacillus"	"Reads"	"Reads"	"Reads"	NA	0	NA	NA	NA	0.436003762819717	0.520535104590887	"All logistic values are the same"	"prevalence"	64	64
"Paenibacillus"	"Soil"	"Rhizosphere Soil"	"SoilRhizosphere Soil"	NA	0	NA	NA	NA	0.0402074663154927	0.0879303468955636	"All logistic values are the same"	"prevalence"	64	64
"Parafilimonas"	"Reads"	"Reads"	"Reads"	NA	0	NA	NA	NA	0.379359446367304	0.465577502359874	"All logistic values are the same"	"prevalence"	64	64
"Parafilimonas"	"Soil"	"Rhizosphere Soil"	"SoilRhizosphere Soil"	NA	0	NA	NA	NA	0.834375283990218	0.879476650692392	"All logistic values are the same"	"prevalence"	64	64
"Patulibacter"	"Reads"	"Reads"	"Reads"	NA	0	NA	NA	NA	0.372443981451489	0.459500307520114	"All logistic values are the same"	"prevalence"	64	64
"Patulibacter"	"Soil"	"Rhizosphere Soil"	"SoilRhizosphere Soil"	NA	0	NA	NA	NA	2.814486942905e-06	4.20376560408364e-05	"All logistic values are the same"	"prevalence"	64	64
"Pedobacter"	"Reads"	"Reads"	"Reads"	NA	0	NA	NA	NA	0.23147164505098	0.319239871956361	"All logistic values are the same"	"prevalence"	64	64
"Pedobacter"	"Soil"	"Rhizosphere Soil"	"SoilRhizosphere Soil"	NA	0	NA	NA	NA	3.16378095739438e-11	2.22097423209085e-09	"All logistic values are the same"	"prevalence"	64	64
"Pedomicrobium"	"Reads"	"Reads"	"Reads"	NA	0	NA	NA	NA	0.957022876772983	0.972257683783841	"All logistic values are the same"	"prevalence"	64	64
"Pedomicrobium"	"Soil"	"Rhizosphere Soil"	"SoilRhizosphere Soil"	NA	0	NA	NA	NA	0.0293067917000997	0.069763262069554	"All logistic values are the same"	"prevalence"	64	64
"Phaselicystis"	"Reads"	"Reads"	"Reads"	NA	0	NA	NA	NA	0.432529587381963	0.517267070429537	"All logistic values are the same"	"prevalence"	64	64
"Phaselicystis"	"Soil"	"Rhizosphere Soil"	"SoilRhizosphere Soil"	NA	0	NA	NA	NA	0.402968764886851	0.488573528412037	"All logistic values are the same"	"prevalence"	64	64
"Phenylobacterium"	"Reads"	"Reads"	"Reads"	NA	0	NA	NA	NA	4.22555634631142e-05	0.000400856831771705	"All logistic values are the same"	"prevalence"	64	64
"Phenylobacterium"	"Soil"	"Rhizosphere Soil"	"SoilRhizosphere Soil"	NA	0	NA	NA	NA	1.48465092292727e-11	1.30278118486868e-09	"All logistic values are the same"	"prevalence"	64	64
"Pirellula"	"Reads"	"Reads"	"Reads"	NA	0	NA	NA	NA	0.130592576145624	0.208829130875234	"All logistic values are the same"	"prevalence"	64	64
"Pirellula"	"Soil"	"Rhizosphere Soil"	"SoilRhizosphere Soil"	NA	0	NA	NA	NA	0.0265347961013566	0.0646785654970568	"All logistic values are the same"	"prevalence"	64	64
"Planctomyces"	"Reads"	"Reads"	"Reads"	NA	0	NA	NA	NA	0.100651793096401	0.17149892901377	"All logistic values are the same"	"prevalence"	64	64
"Planctomyces"	"Soil"	"Rhizosphere Soil"	"SoilRhizosphere Soil"	NA	0	NA	NA	NA	0.000861576460685066	0.00499856756529683	"All logistic values are the same"	"prevalence"	64	64
"Planosporangium"	"Reads"	"Reads"	"Reads"	933.754723832756	0	9172236.73602458	0.999918773522983	NA	0.558265430379292	0.635173958065257	"A large coefficient (>15 in absolute value) or small p-value
                (< 10^-10) was obtained from a feature present in >95% of
                samples. Check this is intended."	"prevalence"	64	62
"Planosporangium"	"Soil"	"Rhizosphere Soil"	"SoilRhizosphere Soil"	-58.4264596293914	0	18344473.4720492	0.999997458767615	NA	1.96500155275614e-06	3.06540242229958e-05	"A large coefficient (>15 in absolute value) or small p-value
                (< 10^-10) was obtained from a feature present in >95% of
                samples. Check this is intended."	"prevalence"	64	62
"Polaromonas"	"Reads"	"Reads"	"Reads"	54.9537317478952	0	54685.159265962	0.999198196963693	NA	0.0885623909687565	0.156601507456088	"A large coefficient (>15 in absolute value) or small p-value
                (< 10^-10) was obtained from a feature present in >95% of
                samples. Check this is intended."	"prevalence"	64	63
"Polaromonas"	"Soil"	"Rhizosphere Soil"	"SoilRhizosphere Soil"	49.3137299154826	0	11014103.9916291	0.999996427611019	NA	0.140892898475056	0.221268041900423	"A large coefficient (>15 in absolute value) or small p-value
                (< 10^-10) was obtained from a feature present in >95% of
                samples. Check this is intended."	"prevalence"	64	63
"Pseudolabrys"	"Reads"	"Reads"	"Reads"	NA	0	NA	NA	NA	0.664467472593312	0.728837759000789	"All logistic values are the same"	"prevalence"	64	64
"Pseudolabrys"	"Soil"	"Rhizosphere Soil"	"SoilRhizosphere Soil"	NA	0	NA	NA	NA	0.00652673265456126	0.0231021030088692	"All logistic values are the same"	"prevalence"	64	64
"Pseudomonas"	"Reads"	"Reads"	"Reads"	NA	0	NA	NA	NA	0.0020704445967153	0.00995515141708314	"All logistic values are the same"	"prevalence"	64	64
"Pseudomonas"	"Soil"	"Rhizosphere Soil"	"SoilRhizosphere Soil"	NA	0	NA	NA	NA	9.08369565396489e-11	5.56655605424027e-09	"All logistic values are the same"	"prevalence"	64	64
"Pseudonocardia"	"Reads"	"Reads"	"Reads"	NA	0	NA	NA	NA	0.00129427147101643	0.00683141783950028	"All logistic values are the same"	"prevalence"	64	64
"Pseudonocardia"	"Soil"	"Rhizosphere Soil"	"SoilRhizosphere Soil"	NA	0	NA	NA	NA	6.32478859558212e-16	1.21778877272016e-13	"All logistic values are the same"	"prevalence"	64	64
"Psychrobacillus"	"Reads"	"Reads"	"Reads"	NA	0	NA	NA	NA	0.0229483483386853	0.0590664086305753	"All logistic values are the same"	"prevalence"	64	64
"Psychrobacillus"	"Soil"	"Rhizosphere Soil"	"SoilRhizosphere Soil"	NA	0	NA	NA	NA	2.74564492341348e-08	8.03101140098442e-07	"All logistic values are the same"	"prevalence"	64	64
"Reyranella"	"Reads"	"Reads"	"Reads"	NA	0	NA	NA	NA	0.80382949154546	0.849831781724267	"All logistic values are the same"	"prevalence"	64	64
"Reyranella"	"Soil"	"Rhizosphere Soil"	"SoilRhizosphere Soil"	NA	0	NA	NA	NA	0.0257697671180661	0.063698508862262	"All logistic values are the same"	"prevalence"	64	64
"Rhizobacter"	"Reads"	"Reads"	"Reads"	NA	0	NA	NA	NA	0.0264859314742645	0.0646785654970568	"All logistic values are the same"	"prevalence"	64	64
"Rhizobacter"	"Soil"	"Rhizosphere Soil"	"SoilRhizosphere Soil"	NA	0	NA	NA	NA	0.00799014852317003	0.0259679827003026	"All logistic values are the same"	"prevalence"	64	64
"Rhizobium"	"Reads"	"Reads"	"Reads"	NA	0	NA	NA	NA	0.0929435853911711	0.161689468995161	"All logistic values are the same"	"prevalence"	64	64
"Rhizobium"	"Soil"	"Rhizosphere Soil"	"SoilRhizosphere Soil"	NA	0	NA	NA	NA	2.44341687399505e-08	7.45773324149793e-07	"All logistic values are the same"	"prevalence"	64	64
"Rhizomicrobium"	"Reads"	"Reads"	"Reads"	NA	0	NA	NA	NA	0.028852446160246	0.0693644424811394	"All logistic values are the same"	"prevalence"	64	64
"Rhizomicrobium"	"Soil"	"Rhizosphere Soil"	"SoilRhizosphere Soil"	NA	0	NA	NA	NA	0.000369735475252929	0.00256984459037184	"All logistic values are the same"	"prevalence"	64	64
"Rhodanobacter"	"Reads"	"Reads"	"Reads"	NA	0	NA	NA	NA	0.0912543646096804	0.159752029815451	"All logistic values are the same"	"prevalence"	64	64
"Rhodanobacter"	"Soil"	"Rhizosphere Soil"	"SoilRhizosphere Soil"	NA	0	NA	NA	NA	0.355662626914703	0.444261857818721	"All logistic values are the same"	"prevalence"	64	64
"Rhodoplanes"	"Reads"	"Reads"	"Reads"	NA	0	NA	NA	NA	0.565356565747917	0.642201147500061	"All logistic values are the same"	"prevalence"	64	64
"Rhodoplanes"	"Soil"	"Rhizosphere Soil"	"SoilRhizosphere Soil"	NA	0	NA	NA	NA	0.00173700096668529	0.00864804736605016	"All logistic values are the same"	"prevalence"	64	64
"Rhodopseudomonas"	"Reads"	"Reads"	"Reads"	54.9537317478952	0	54685.159265962	0.999198196963693	NA	0.00327883905897409	0.0140695627954071	"A large coefficient (>15 in absolute value) or small p-value
                (< 10^-10) was obtained from a feature present in >95% of
                samples. Check this is intended."	"prevalence"	64	63
"Rhodopseudomonas"	"Soil"	"Rhizosphere Soil"	"SoilRhizosphere Soil"	49.3137299154826	0	11014103.9916291	0.999996427611019	NA	0.000168021139012529	0.00129616307238236	"A large coefficient (>15 in absolute value) or small p-value
                (< 10^-10) was obtained from a feature present in >95% of
                samples. Check this is intended."	"prevalence"	64	63
"Rhodovastum"	"Reads"	"Reads"	"Reads"	54.9537317478952	0	54685.159265962	0.999198196963693	NA	0.000940574912403097	0.00524401018779678	"A large coefficient (>15 in absolute value) or small p-value
                (< 10^-10) was obtained from a feature present in >95% of
                samples. Check this is intended."	"prevalence"	64	63
"Rhodovastum"	"Soil"	"Rhizosphere Soil"	"SoilRhizosphere Soil"	49.3137299154826	0	11014103.9916291	0.999996427611019	NA	0.00971868783860059	0.0303223060564338	"A large coefficient (>15 in absolute value) or small p-value
                (< 10^-10) was obtained from a feature present in >95% of
                samples. Check this is intended."	"prevalence"	64	63
"Roseiflexus"	"Reads"	"Reads"	"Reads"	NA	0	NA	NA	NA	0.23847236251975	0.32447714176145	"All logistic values are the same"	"prevalence"	64	64
"Roseiflexus"	"Soil"	"Rhizosphere Soil"	"SoilRhizosphere Soil"	NA	0	NA	NA	NA	0.0179201012823245	0.0493329847066345	"All logistic values are the same"	"prevalence"	64	64
"Roseomonas"	"Reads"	"Reads"	"Reads"	54.9537317478952	0	54685.159265962	0.999198196963693	NA	0.000345747258656735	0.00242714575577028	"A large coefficient (>15 in absolute value) or small p-value
                (< 10^-10) was obtained from a feature present in >95% of
                samples. Check this is intended."	"prevalence"	64	63
"Roseomonas"	"Soil"	"Rhizosphere Soil"	"SoilRhizosphere Soil"	49.3137299154826	0	11014103.9916291	0.999996427611019	NA	0.110187674070926	0.183733366265535	"A large coefficient (>15 in absolute value) or small p-value
                (< 10^-10) was obtained from a feature present in >95% of
                samples. Check this is intended."	"prevalence"	64	63
"Sandaracinus"	"Soil"	"Rhizosphere Soil"	"SoilRhizosphere Soil"	15.4020006712348	0	786.260163060405	0.984371289266956	NA	0.773937403871941	0.823187965936519	"A large coefficient (>15 in absolute value) or small p-value
                (< 10^-10) was obtained from a feature present in >95% of
                samples. Check this is intended."	"prevalence"	64	61
"Segetibacter"	"Reads"	"Reads"	"Reads"	NA	0	NA	NA	NA	0.331199003880125	0.422730364952451	"pwrssUpdate did not converge in (maxit) iterations"	"prevalence"	64	63
"Segetibacter"	"Soil"	"Rhizosphere Soil"	"SoilRhizosphere Soil"	NA	0	NA	NA	NA	0.104777872316015	0.177238714134561	"pwrssUpdate did not converge in (maxit) iterations"	"prevalence"	64	63
"Singulisphaera"	"Reads"	"Reads"	"Reads"	NA	0	NA	NA	NA	1.46378111475112e-06	2.44660557751259e-05	"All logistic values are the same"	"prevalence"	64	64
"Singulisphaera"	"Soil"	"Rhizosphere Soil"	"SoilRhizosphere Soil"	NA	0	NA	NA	NA	0.00782282470149448	0.0259576855902287	"All logistic values are the same"	"prevalence"	64	64
"Skermanella"	"Reads"	"Reads"	"Reads"	54.9537317478952	0	54685.159265962	0.999198196963693	NA	0.000472331002982253	0.00315787013422421	"A large coefficient (>15 in absolute value) or small p-value
                (< 10^-10) was obtained from a feature present in >95% of
                samples. Check this is intended."	"prevalence"	64	63
"Skermanella"	"Soil"	"Rhizosphere Soil"	"SoilRhizosphere Soil"	49.3137299154826	0	11014103.9916291	0.999996427611019	NA	4.74678366822434e-06	6.28724931149714e-05	"A large coefficient (>15 in absolute value) or small p-value
                (< 10^-10) was obtained from a feature present in >95% of
                samples. Check this is intended."	"prevalence"	64	63
"Solirubrobacter"	"Reads"	"Reads"	"Reads"	NA	0	NA	NA	NA	0.00477937909816033	0.018743710206193	"All logistic values are the same"	"prevalence"	64	64
"Solirubrobacter"	"Soil"	"Rhizosphere Soil"	"SoilRhizosphere Soil"	NA	0	NA	NA	NA	3.21434168162328e-07	6.0985617851339e-06	"All logistic values are the same"	"prevalence"	64	64
"Sorangium"	"Reads"	"Reads"	"Reads"	NA	0	NA	NA	NA	0.002452042550493	0.0112505481728502	"All logistic values are the same"	"prevalence"	64	64
"Sorangium"	"Soil"	"Rhizosphere Soil"	"SoilRhizosphere Soil"	NA	0	NA	NA	NA	0.286632350698868	0.376808820581659	"All logistic values are the same"	"prevalence"	64	64
"Sphingomonas"	"Reads"	"Reads"	"Reads"	NA	0	NA	NA	NA	0.614108456244069	0.685380184870169	"All logistic values are the same"	"prevalence"	64	64
"Sphingomonas"	"Soil"	"Rhizosphere Soil"	"SoilRhizosphere Soil"	NA	0	NA	NA	NA	0.000579010088097555	0.00366184758418454	"All logistic values are the same"	"prevalence"	64	64
"Spirilliplanes"	"Reads"	"Reads"	"Reads"	NA	0	NA	NA	NA	0.681353241193623	0.741565853206082	"All logistic values are the same"	"prevalence"	64	64
"Spirilliplanes"	"Soil"	"Rhizosphere Soil"	"SoilRhizosphere Soil"	NA	0	NA	NA	NA	7.56584211203613e-08	1.8968647009462e-06	"All logistic values are the same"	"prevalence"	64	64
"Sporichthya"	"Reads"	"Reads"	"Reads"	54.9537317478952	0	54685.159265962	0.999198196963693	NA	0.249568332370842	0.336339572978024	"A large coefficient (>15 in absolute value) or small p-value
                (< 10^-10) was obtained from a feature present in >95% of
                samples. Check this is intended."	"prevalence"	64	63
"Sporichthya"	"Soil"	"Rhizosphere Soil"	"SoilRhizosphere Soil"	49.3137299154826	0	11014103.9916291	0.999996427611019	NA	0.58438583453708	0.655668354287734	"A large coefficient (>15 in absolute value) or small p-value
                (< 10^-10) was obtained from a feature present in >95% of
                samples. Check this is intended."	"prevalence"	64	63
"Sporocytophaga"	"Soil"	"Rhizosphere Soil"	"SoilRhizosphere Soil"	-15.4778759352361	0	494.099415149474	0.975010011290771	NA	0.324529365195728	0.415729223298177	"A large coefficient (>15 in absolute value) or small p-value
                (< 10^-10) was obtained from a feature present in >95% of
                samples. Check this is intended."	"prevalence"	64	63
"Steroidobacter"	"Reads"	"Reads"	"Reads"	54.9537317478952	0	54685.159265962	0.999198196963693	NA	0.0676558318132799	0.128017234320546	"A large coefficient (>15 in absolute value) or small p-value
                (< 10^-10) was obtained from a feature present in >95% of
                samples. Check this is intended."	"prevalence"	64	63
"Steroidobacter"	"Soil"	"Rhizosphere Soil"	"SoilRhizosphere Soil"	49.3137299154826	0	11014103.9916291	0.999996427611019	NA	0.00155477012146247	0.00790904800917863	"A large coefficient (>15 in absolute value) or small p-value
                (< 10^-10) was obtained from a feature present in >95% of
                samples. Check this is intended."	"prevalence"	64	63
"Streptomyces"	"Reads"	"Reads"	"Reads"	NA	0	NA	NA	NA	0.00496197042519034	0.0191767626686147	"All logistic values are the same"	"prevalence"	64	64
"Streptomyces"	"Soil"	"Rhizosphere Soil"	"SoilRhizosphere Soil"	NA	0	NA	NA	NA	0.0469029866106369	0.0985805287445123	"All logistic values are the same"	"prevalence"	64	64
"Telmatobacter"	"Reads"	"Reads"	"Reads"	54.9537317478952	0	54685.159265962	0.999198196963693	NA	0.30533359316539	0.397670097220971	"A large coefficient (>15 in absolute value) or small p-value
                (< 10^-10) was obtained from a feature present in >95% of
                samples. Check this is intended."	"prevalence"	64	63
"Telmatobacter"	"Soil"	"Rhizosphere Soil"	"SoilRhizosphere Soil"	49.3137299154826	0	11014103.9916291	0.999996427611019	NA	0.00243426618381807	0.0112424661910545	"A large coefficient (>15 in absolute value) or small p-value
                (< 10^-10) was obtained from a feature present in >95% of
                samples. Check this is intended."	"prevalence"	64	63
"Terrimonas"	"Reads"	"Reads"	"Reads"	933.754723832756	0	9172236.73602458	0.999918773522983	NA	0.00165360423178145	0.00833700137563686	"A large coefficient (>15 in absolute value) or small p-value
                (< 10^-10) was obtained from a feature present in >95% of
                samples. Check this is intended."	"prevalence"	64	62
"Terrimonas"	"Soil"	"Rhizosphere Soil"	"SoilRhizosphere Soil"	-58.4264596293914	0	18344473.4720492	0.999997458767615	NA	0.0980471324547129	0.168698742605903	"A large coefficient (>15 in absolute value) or small p-value
                (< 10^-10) was obtained from a feature present in >95% of
                samples. Check this is intended."	"prevalence"	64	62
"Unknown"	"Reads"	"Reads"	"Reads"	NA	0	NA	NA	NA	1	1	"All logistic values are the same"	"prevalence"	64	64
"Unknown"	"Soil"	"Rhizosphere Soil"	"SoilRhizosphere Soil"	NA	0	NA	NA	NA	0.0101765266200219	0.0316102729524575	"All logistic values are the same"	"prevalence"	64	64
"Variibacter"	"Reads"	"Reads"	"Reads"	NA	0	NA	NA	NA	0.705612222134152	0.763235408225231	"All logistic values are the same"	"prevalence"	64	64
"Variibacter"	"Soil"	"Rhizosphere Soil"	"SoilRhizosphere Soil"	NA	0	NA	NA	NA	0.131502487385784	0.209330490124309	"All logistic values are the same"	"prevalence"	64	64
"Variovorax"	"Reads"	"Reads"	"Reads"	NA	0	NA	NA	NA	0.0660834841174771	0.126061428941492	"All logistic values are the same"	"prevalence"	64	64
"Variovorax"	"Soil"	"Rhizosphere Soil"	"SoilRhizosphere Soil"	NA	0	NA	NA	NA	8.42225087008923e-05	0.00072102684278081	"All logistic values are the same"	"prevalence"	64	64
"Zavarzinella"	"Soil"	"Rhizosphere Soil"	"SoilRhizosphere Soil"	16.5805225780236	0	1393.53506346649	0.990506854696542	NA	6.35499070933003e-06	7.96643478205301e-05	"A large coefficient (>15 in absolute value) or small p-value
                (< 10^-10) was obtained from a feature present in >95% of
                samples. Check this is intended."	"prevalence"	64	62
